stop_id,gini
1010102,0.297910
1010103,0.299890
1010105,0.302712
1010106,0.303856
1010107,0.307077
1010108,0.307096
1010109,0.308450
1010110,0.309189
1010115,0.297874
1010124,0.306518
1010125,0.307031
1010128,0.306166
1010180,0.299273
1010419,0.299752
1010420,0.299866
1010421,0.301780
1010422,0.301285
1010424,0.298056
1010425,0.298309
1010427,0.307031
1010428,0.306518
1020100,0.305990
1020101,0.306090
1020105,0.309520
1020106,0.306566
1020112,0.304964
1020113,0.304497
1020115,0.305265
1020116,0.304995
1020117,0.305213
1020118,0.304921
1020119,0.304910
1020120,0.304791
1020121,0.304805
1020122,0.304559
1020123,0.304784
1020129,0.306242
1020131,0.306399
1020132,0.306499
1020133,0.306400
1020135,0.306428
1020169,0.306166
1020171,0.306188
1020174,0.305697
1020177,0.305900
1020182,0.304904
1020204,0.304672
1020239,0.306542
1020241,0.306641
1020243,0.306717
1020245,0.307193
1020401,0.303645
1020402,0.303435
1020443,0.305576
1020444,0.305828
1020446,0.303926
1020447,0.304559
1020448,0.302346
1020449,0.304847
1020450,0.306193
1020453,0.305257
1020454,0.305520
1020455,0.305448
1020456,0.304092
1020457,0.303613
1020458,0.303614
1020459,0.306316
1020460,0.306343
1020463,0.304411
1020464,0.304122
1020501,0.305591
1020502,0.307455
1020503,0.307779
1020601,0.305148
1020602,0.305148
1020603,0.303633
1020604,0.303633
1030100,0.300184
1030102,0.304076
1030113,0.304348
1030114,0.300886
1030119,0.304298
1030121,0.303810
1030122,0.303797
1030401,0.304513
1030424,0.300560
1030425,0.300146
1030426,0.300497
1030427,0.300426
1030428,0.304416
1030429,0.304464
1040102,0.306307
1040104,0.304797
1040112,0.311798
1040115,0.313627
1040117,0.307280
1040123,0.307579
1040124,0.309528
1040125,0.310057
1040126,0.312365
1040127,0.311033
1040129,0.309156
1040130,0.312072
1040133,0.316993
1040139,0.315181
1040141,0.315207
1040144,0.312123
1040146,0.312480
1040153,0.315525
1040155,0.319974
1040157,0.319724
1040231,0.316755
1040233,0.317258
1040234,0.316221
1040271,0.310190
1040272,0.313255
1040273,0.310178
1040274,0.310293
1040275,0.310445
1040276,0.310478
1040277,0.310808
1040278,0.310830
1040279,0.310729
1040280,0.311098
1040281,0.311140
1040282,0.311151
1040283,0.311506
1040284,0.311606
1040285,0.311533
1040289,0.315104
1040291,0.308812
1040401,0.306464
1040404,0.320098
1040405,0.320034
1040406,0.316877
1040407,0.317251
1040408,0.311966
1040409,0.311853
1040410,0.306843
1040411,0.307280
1040437,0.304470
1040438,0.306712
1040440,0.308538
1040441,0.314750
1040442,0.317040
1040443,0.319353
1040444,0.316430
1040445,0.304376
1040446,0.319375
1040480,0.317299
1040481,0.318418
1040601,0.310690
1040602,0.310675
1050106,0.305969
1050107,0.307677
1050108,0.305490
1050109,0.305334
1050110,0.306392
1050111,0.305401
1050112,0.306784
1050113,0.310786
1050114,0.315274
1050115,0.310467
1050116,0.307697
1050117,0.306559
1050120,0.304634
1050132,0.312731
1050408,0.305490
1050412,0.305293
1050413,0.305969
1050414,0.306022
1050415,0.310786
1050416,0.310467
1050417,0.311488
1050432,0.312731
1050439,0.309957
1060102,0.306088
1060103,0.306036
1070102,0.302996
1070103,0.302862
1070104,0.304380
1070105,0.302976
1070106,0.305803
1070107,0.303916
1070108,0.304368
1070109,0.303842
1070110,0.303810
1070111,0.303823
1070112,0.303989
1070113,0.301579
1070114,0.304269
1070115,0.301265
1070118,0.306177
1070119,0.306083
1070121,0.304176
1070122,0.304098
1070414,0.304269
1070417,0.301265
1070418,0.301164
1070419,0.302996
1070420,0.302862
1070421,0.304176
1070422,0.304098
1070423,0.306177
1070424,0.306083
1070425,0.303789
1070426,0.303288
1070427,0.304348
1080403,0.296196
1080404,0.296186
1080405,0.296294
1080406,0.296345
1080407,0.296585
1080408,0.296661
1080409,0.296382
1080410,0.296454
1080413,0.296191
1080414,0.296728
1080415,0.296660
1090101,0.300618
1090102,0.300420
1090415,0.300390
1090416,0.300369
1100101,0.323308
1100102,0.325191
1100103,0.326186
1100105,0.327547
1100106,0.328383
1100107,0.328583
1100109,0.317367
1100110,0.317922
1100119,0.329267
1100120,0.329233
1100121,0.327181
1100122,0.327488
1100123,0.317917
1100124,0.319433
1100125,0.328417
1100126,0.327115
1100133,0.325248
1100134,0.325166
1100149,0.322100
1100151,0.322092
1100159,0.329611
1100160,0.329037
1100167,0.327062
1100168,0.328233
1100601,0.324377
1100602,0.324426
1111112,0.323328
1111116,0.321566
1111118,0.323761
1111119,0.322687
1111121,0.316888
1111131,0.326640
1111142,0.322329
1111143,0.321520
1111146,0.323797
1111150,0.321044
1111151,0.323215
1111180,0.321833
1111266,0.324191
1111427,0.323301
1111428,0.323965
1111429,0.322366
1111430,0.322374
1111431,0.326640
1111601,0.323423
1111602,0.323423
1112103,0.326880
1112104,0.329820
1112105,0.329074
1112122,0.327381
1112126,0.327293
1112137,0.327043
1112152,0.330322
1112153,0.330286
1112154,0.331676
1112155,0.331809
1112432,0.327069
1112433,0.331282
1112434,0.330556
1112436,0.333815
1113123,0.330680
1113124,0.331205
1113125,0.333417
1113126,0.333277
1113127,0.327861
1113131,0.330982
1113140,0.327721
1113432,0.327797
1113433,0.328009
1113434,0.330175
1113435,0.331242
1113480,0.334296
1121111,0.333779
1121117,0.334085
1121118,0.333970
1121120,0.333898
1121124,0.330216
1121130,0.330143
1121132,0.330399
1121138,0.333777
1121404,0.334199
1121405,0.333897
1121406,0.333938
1121436,0.330130
1121437,0.330633
1121446,0.330766
1121448,0.333886
1121449,0.333813
1121450,0.333612
1121480,0.334038
1121481,0.333997
1121601,0.331561
1121602,0.331561
1122101,0.330674
1122102,0.330970
1122113,0.331235
1122114,0.331277
1122115,0.329165
1122116,0.329422
1122127,0.327977
1122132,0.332274
1122133,0.332583
1122134,0.333642
1122135,0.333472
1122196,0.333521
1122400,0.333823
1122413,0.331235
1122414,0.331277
1122415,0.329165
1122416,0.329422
1122440,0.332855
1122441,0.333112
1122447,0.330766
1130101,0.313996
1130102,0.314206
1130103,0.314517
1130104,0.314535
1130105,0.310717
1130106,0.315818
1130107,0.314344
1130109,0.315012
1130110,0.314728
1130111,0.310892
1130112,0.317127
1130113,0.311045
1130115,0.317187
1130119,0.316618
1130122,0.314642
1130124,0.316626
1130139,0.313951
1130181,0.315674
1130182,0.315590
1130183,0.317830
1130184,0.317594
1130187,0.317293
1130188,0.317170
1130206,0.315452
1130432,0.312005
1130433,0.311891
1130434,0.315277
1130435,0.315104
1130436,0.311257
1130437,0.311197
1130438,0.314549
1130439,0.313951
1130440,0.314633
1130441,0.314680
1130442,0.314609
1130443,0.314547
1130444,0.316817
1130445,0.317256
1130446,0.315194
1130447,0.315383
1140102,0.314492
1140103,0.314787
1140104,0.314040
1140105,0.314292
1140106,0.314916
1140107,0.317594
1140108,0.318261
1140109,0.315080
1140110,0.314235
1140111,0.314372
1140112,0.314026
1140113,0.314457
1140114,0.314241
1140115,0.316882
1140116,0.316923
1140117,0.317627
1140118,0.317328
1140119,0.316240
1140120,0.315186
1140121,0.314436
1140122,0.315139
1140125,0.317156
1140126,0.317183
1140127,0.314683
1140129,0.313874
1140130,0.313818
1140131,0.313763
1140133,0.314832
1140156,0.313060
1140157,0.313003
1140165,0.313206
1140166,0.313164
1140196,0.319527
1140197,0.318360
1140199,0.320795
1140205,0.318392
1140216,0.316449
1140436,0.318543
1140437,0.318414
1140438,0.315480
1140439,0.316240
1140440,0.316564
1140441,0.315622
1140446,0.316591
1140447,0.316059
1140449,0.315875
1140450,0.319341
1140451,0.319109
1140452,0.323890
1140453,0.323040
1150101,0.319324
1150102,0.319172
1150107,0.318299
1150108,0.317740
1150109,0.319981
1150110,0.319995
1150111,0.316503
1150112,0.316374
1150113,0.315561
1150114,0.315327
1150116,0.320089
1150117,0.319296
1150118,0.320127
1150119,0.316596
1150120,0.317219
1150122,0.316332
1150123,0.316385
1150124,0.314868
1150125,0.314839
1150126,0.313933
1150127,0.313788
1150128,0.318320
1150129,0.318174
1150130,0.318801
1150131,0.319001
1150133,0.319525
1150134,0.319438
1150135,0.318572
1150145,0.318952
1150431,0.319669
1150432,0.319606
1150433,0.319981
1150434,0.320049
1150435,0.316331
1150436,0.316418
1150437,0.315715
1150438,0.315456
1160101,0.320505
1160104,0.320558
1160105,0.318352
1160107,0.319705
1160109,0.317074
1160111,0.318326
1160112,0.318313
1160113,0.318148
1160118,
1160127,0.318721
1160202,0.320460
1160206,0.317693
1160401,0.318929
1160402,0.319035
1160403,0.318583
1160404,0.318610
1160414,0.320441
1160415,0.320477
1171104,
1171105,
1171120,0.326986
1171121,
1171122,0.322149
1171124,0.319733
1171125,0.320062
1171126,0.318001
1171127,0.319805
1171130,0.319076
1171131,0.319177
1171134,0.326190
1171135,0.324751
1171150,
1171151,
1171152,0.324054
1171153,0.324181
1171154,0.320190
1171158,0.320549
1171180,
1171403,0.324213
1171404,0.324101
1171405,0.322753
1171406,0.322716
1171407,0.322110
1171408,0.321966
1171442,0.322054
1171444,0.326753
1171445,0.325955
1171457,0.325271
1171458,0.325553
1172114,
1172142,
1172143,
1172144,
1172145,
1172146,
1172503,
1172553,
1173102,0.316981
1173104,0.325680
1173105,0.323409
1173106,0.322848
1173107,0.318623
1173108,0.320552
1173111,0.326323
1173113,0.328943
1173123,0.325680
1173125,0.325401
1173127,0.326713
1173132,0.315337
1173133,0.315205
1173148,0.325458
1173403,0.328943
1173404,0.325925
1173416,0.324714
1173417,0.324996
1173418,0.322555
1173423,0.316932
1173424,0.316780
1173429,0.325785
1173430,0.326154
1173431,0.323593
1173432,0.324018
1173433,0.322286
1173434,0.326038
1173435,0.323409
1174101,
1174102,
1174112,0.314977
1174149,
1174401,0.322848
1174501,0.323474
1174502,0.323191
1174551,0.323481
1174552,0.323191
1180103,0.319858
1180105,0.319711
1180113,0.319468
1180115,0.319746
1180121,0.320882
1180203,0.319856
1180206,0.319788
1180214,0.319483
1180437,0.319743
1180438,0.319470
1180439,0.319952
1180440,0.319940
1180441,0.319845
1180442,0.319857
1180443,0.320743
1201107,0.323014
1201109,0.325168
1201111,0.326259
1201112,0.325614
1201113,0.324010
1201129,0.325271
1201130,0.324048
1201131,0.324577
1201132,0.324819
1201133,0.321352
1201134,0.321008
1201135,0.324406
1201136,0.324132
1201139,0.325119
1201140,0.325069
1201402,0.325166
1201403,0.325145
1201429,0.321008
1201430,0.321352
1201431,0.324132
1201432,0.324406
1201601,0.324960
1201602,0.324960
1203401,0.325488
1203402,0.325496
1203405,0.322317
1203406,0.322207
1203409,0.324697
1203410,0.324697
1203413,0.322261
1203415,0.324960
1203420,0.324980
1203422,0.322313
1204101,0.329500
1204105,0.319237
1204106,0.320099
1204107,0.315680
1204108,0.329500
1204109,0.317843
1204110,0.318120
1204111,0.313955
1204112,0.313666
1204113,0.323441
1204114,0.324351
1204115,0.329327
1204116,0.329500
1204117,0.315610
1204118,0.319984
1210101,0.333572
1210110,0.332741
1210111,0.334106
1210112,0.327671
1210114,0.328075
1210163,0.335254
1210164,0.335356
1220101,0.334325
1220102,0.332727
1220103,0.333952
1220104,0.335278
1220105,0.334538
1220106,0.330951
1220108,0.331063
1220110,0.333543
1220111,0.333574
1220112,0.334432
1220113,0.334418
1220114,0.331826
1220115,0.333303
1220117,0.330895
1220119,0.331634
1220120,0.332193
1220127,0.334343
1220128,0.334660
1220129,0.334722
1220130,0.333961
1220131,0.329208
1220134,0.333528
1220180,0.334420
1220181,0.333617
1220182,0.333740
1220184,0.333117
1220205,0.334532
1220207,0.330760
1220282,0.333334
1220402,0.329611
1220403,0.334399
1220404,0.334426
1220406,0.331509
1220407,0.331283
1220408,0.334356
1220409,0.334236
1220410,0.335169
1220411,0.335264
1220416,0.334118
1220417,0.334184
1220418,0.332578
1220419,0.333012
1220420,0.330788
1220421,0.331046
1220422,0.331428
1220423,0.331374
1220424,0.333608
1220425,0.333376
1220426,0.327091
1220427,0.327265
1220428,0.331485
1220429,0.331687
1220430,0.331843
1220431,0.331741
1220433,0.333736
1220434,0.323165
1220435,0.334346
1230101,0.334110
1230102,0.333604
1230103,0.335110
1230104,0.335271
1230109,0.335262
1230112,0.334914
1230113,0.335571
1230114,0.334797
1230405,0.335562
1230406,0.335294
1230407,0.336906
1230409,0.335669
1230410,0.335467
1232102,0.335787
1232104,0.335622
1240101,0.325139
1240103,0.333944
1240104,0.329172
1240105,0.329137
1240106,0.330947
1240107,0.326719
1240108,0.326085
1240109,0.326336
1240110,0.326327
1240112,0.325680
1240113,0.325685
1240114,0.324969
1240115,0.325471
1240118,0.333062
1240121,0.331171
1240122,0.330459
1240123,0.329897
1240131,0.328737
1240132,0.328959
1240133,0.330887
1240134,0.329005
1240180,0.319848
1240181,0.319833
1240418,0.334879
1240419,0.334689
1250101,0.315111
1250103,0.313886
1250104,0.313727
1250105,0.323186
1250106,0.323083
1250107,0.322206
1250108,0.322101
1250111,0.317021
1250112,0.316445
1250113,0.317943
1250114,0.317632
1250115,0.321203
1250116,0.320349
1250117,0.320832
1250118,0.321047
1250119,0.318827
1250120,0.318868
1250133,0.315702
1250180,0.321605
1250203,0.313103
1250425,0.313971
1250426,0.314184
1250427,0.313858
1250428,0.313546
1250429,0.317694
1250430,0.317496
1250431,0.320212
1250501,0.317848
1250551,0.317848
1260102,0.324567
1260103,0.324519
1260104,0.324848
1260105,0.323554
1260106,0.324138
1260107,0.322432
1260108,0.321687
1260109,0.321628
1260110,0.321277
1260111,0.321204
1260112,0.321735
1260113,0.321363
1260114,0.322051
1260115,0.322131
1260180,0.323244
1260192,0.323524
1270102,0.333133
1270103,0.332816
1270104,0.328483
1270105,0.330076
1270107,0.328904
1281105,0.297548
1281107,0.294940
1281108,0.301527
1281109,0.301328
1281110,0.307008
1281112,0.311555
1281114,0.311266
1281115,0.314866
1281116,0.314897
1281154,0.316847
1281155,0.320082
1281160,0.322580
1282100,
1282101,0.312164
1282102,0.312972
1282103,0.306492
1282104,0.307789
1282105,0.318073
1282106,0.300713
1282107,0.318101
1282136,
1282137,
1282139,0.316548
1282140,0.315366
1282141,0.314762
1282142,0.315773
1282143,0.315984
1282144,0.312754
1282145,0.312614
1282146,0.310449
1282147,0.310283
1282148,0.307225
1282149,0.299420
1282150,0.300972
1283130,0.316173
1283131,0.315930
1283132,
1283133,
1283187,0.310235
1284100,0.319081
1284101,0.319214
1284102,0.320264
1284103,0.312780
1284104,0.318851
1284105,0.318958
1284106,0.315765
1284108,0.321045
1284109,0.293526
1284113,0.315299
1284115,0.317663
1284116,0.316364
1284117,0.319486
1284118,0.319800
1284120,0.316661
1284121,0.318861
1284122,0.312181
1284123,0.312418
1284124,0.315155
1284125,0.314816
1284126,0.314382
1284127,0.317308
1284128,0.316025
1284129,0.318003
1284132,0.311996
1284133,0.313020
1284134,0.306966
1284135,0.306618
1284136,0.310122
1284137,0.309984
1284138,0.314086
1284139,0.313845
1284149,0.318326
1284150,0.317947
1284151,0.318212
1284152,0.318129
1284153,0.317769
1284154,0.317989
1284155,0.319459
1284156,0.319276
1284157,0.309951
1284158,0.301799
1284159,0.302828
1284167,0.318961
1284168,0.319040
1284169,0.317933
1284170,0.318528
1284171,0.315885
1284172,0.312147
1284174,0.311509
1284175,0.310045
1284178,0.308445
1284182,0.318035
1284186,0.315468
1284188,0.320283
1284189,0.320130
1285101,0.315094
1285102,0.315751
1285103,0.320348
1285104,0.320034
1285158,0.321850
1285159,0.322100
1285160,0.320917
1285161,0.321351
1285162,0.319132
1285163,0.319039
1285164,0.316801
1285165,0.317477
1285166,0.313015
1285183,0.314181
1285184,0.314376
1285501,0.320103
1285551,0.320103
1286100,
1286134,
1286135,
1286160,
1286161,
1286179,
1286180,
1286181,0.322097
1291100,0.327570
1291101,
1291102,0.317227
1291103,0.317359
1291104,
1291105,
1291106,0.319091
1291107,0.317845
1291108,0.319755
1291109,
1291110,0.322206
1291111,0.322919
1291112,0.326290
1291113,0.325795
1291114,0.327937
1291115,0.327128
1291116,0.327141
1291117,0.324908
1291118,0.325080
1291119,0.319332
1291120,0.318726
1291121,0.318548
1291122,0.318002
1291123,
1291124,
1291125,
1291126,0.317848
1291127,0.326207
1291128,0.326758
1291131,0.327857
1291137,0.317879
1291138,0.322295
1291139,0.322683
1291142,0.317507
1291144,0.315463
1291145,0.318386
1291146,0.318550
1291147,
1291148,
1291149,0.318489
1291150,0.318574
1291151,0.318468
1291152,0.318679
1291153,0.318643
1291158,0.320166
1291159,
1291160,
1291161,
1291162,
1291163,
1291164,
1291165,
1291166,
1291167,0.317038
1291168,
1291169,
1291170,0.323140
1291171,0.323040
1291172,0.325915
1291173,0.326655
1291174,0.327257
1291176,
1291180,0.326825
1291181,0.326442
1291182,0.326753
1291183,0.326700
1291198,0.321277
1291199,0.321115
1291219,0.318715
1291220,0.318534
1291401,0.317822
1291402,0.317877
1291501,0.325271
1291551,0.326450
1292100,
1292101,
1292102,
1292103,
1292104,
1292105,
1292122,
1292123,
1292145,
1292146,
1292149,
1293100,
1293101,
1293102,
1293103,0.326380
1293104,0.326320
1293105,0.326531
1293106,0.326509
1293107,0.325841
1293108,0.325870
1293109,0.325731
1293110,0.325709
1293111,0.325593
1293112,0.325563
1293113,0.325331
1293114,0.325317
1293115,0.325050
1293116,0.324789
1293117,0.325049
1293118,0.325066
1293119,0.324394
1293120,0.323434
1293121,0.323772
1293123,0.326081
1293124,0.326074
1293126,
1293127,
1293130,0.326323
1293131,0.326379
1293132,0.324433
1293133,0.324866
1293134,0.323574
1293135,0.323797
1293136,0.323134
1293138,0.323137
1293139,0.326456
1293140,0.326814
1293150,
1293151,
1293152,0.320965
1293153,0.322575
1293155,
1293156,
1293157,
1293158,
1293159,
1293162,0.324248
1293163,0.324102
1293164,0.325940
1293165,0.325951
1293168,
1293173,0.323009
1294101,0.324674
1294102,0.324671
1294103,0.323251
1294104,0.323164
1294105,0.322583
1294106,0.322484
1294107,0.322185
1294108,0.322404
1294121,0.325504
1294122,0.325501
1294124,0.324044
1294132,0.323890
1294137,0.323160
1294139,0.323684
1294140,0.324001
1294141,0.323704
1294142,0.323947
1294143,0.324037
1294180,0.322171
1294191,0.324941
1294242,0.318991
1294502,0.323959
1294552,0.323959
1301101,0.306083
1301103,0.311117
1301104,0.307342
1301105,0.308813
1301106,0.307648
1301107,0.307973
1301108,0.307258
1301109,0.308471
1301110,0.308601
1301111,0.303769
1301112,0.312783
1301113,0.312711
1301122,0.313835
1301123,0.313547
1301124,0.313505
1301125,0.311923
1301126,0.312758
1301127,0.311036
1301128,0.311333
1301129,0.311855
1301131,0.303209
1301132,0.302236
1301133,0.304532
1301135,0.307086
1301136,0.307246
1301137,0.306505
1301140,0.307025
1301141,0.306284
1301142,0.303998
1301143,0.302071
1301144,0.311517
1301145,0.311149
1301146,0.310942
1301147,0.311485
1301148,0.313254
1301149,0.313625
1301153,0.306943
1301158,0.312665
1301160,0.312799
1301171,0.313329
1301212,0.313247
1301213,0.313602
1301214,0.299161
1301215,0.305224
1301299,0.313419
1301450,0.313255
1301451,0.313355
1301452,0.311375
1301453,0.311391
1301454,0.306943
1301455,0.306017
1301456,0.302071
1302216,0.250487
1302217,0.255993
1302218,0.231618
1302219,0.232348
1303100,0.230900
1303102,0.230900
1303103,0.231682
1303104,0.232399
1303105,0.230953
1303107,0.230900
1303108,0.230900
1303111,0.230900
1303112,0.230900
1303113,0.230900
1303114,0.230900
1304102,0.314954
1304103,0.315817
1304104,0.315557
1304127,0.313431
1304128,0.314554
1304129,0.314047
1304130,0.315286
1304131,0.319056
1304132,0.321653
1304133,0.323523
1304134,0.321751
1304135,0.318722
1304136,0.316128
1304137,0.316587
1304138,0.321720
1304140,0.318045
1304141,0.321558
1304142,0.323671
1304143,0.321892
1304144,0.314198
1304150,0.317691
1304157,0.318245
1304159,0.313972
1304160,0.316031
1304162,0.316033
1305151,0.317368
1310101,0.304216
1310102,0.305060
1310103,0.298289
1310104,0.299941
1310105,0.298845
1310106,0.297983
1310109,0.298066
1310110,0.297810
1310111,0.298944
1310112,0.297996
1310113,0.301952
1310114,0.300685
1310115,0.308138
1310116,0.306221
1310117,0.309962
1310118,0.309959
1310119,0.299615
1310120,0.300744
1310121,0.289402
1310124,0.304901
1310126,0.301271
1310127,0.296037
1310128,0.295204
1310129,0.288133
1310130,0.288957
1310131,0.286847
1310133,0.279683
1310134,0.282557
1310137,0.278381
1310139,0.304925
1310140,0.293222
1310141,0.295781
1310142,0.289138
1310143,0.289250
1310145,0.284304
1310146,0.279912
1310200,0.277816
1310205,0.298137
1310225,0.304404
1310299,0.309584
1310601,0.296501
1310602,0.296906
1320101,0.319730
1320102,0.319654
1320103,0.320796
1320104,0.320700
1320105,0.321096
1320107,0.321319
1320108,0.321553
1320109,0.321549
1320111,0.320916
1320112,0.320858
1320113,0.320838
1320115,0.321087
1320117,0.319988
1320118,0.319971
1320119,0.320394
1320120,0.320703
1320123,0.320944
1320124,0.320597
1320125,0.320591
1320126,0.320891
1320127,0.320870
1320128,0.321387
1320129,0.321687
1320130,0.321465
1320131,0.321562
1320132,0.321526
1320133,0.320737
1320134,0.321176
1320135,0.321195
1320191,0.321499
1320199,0.284255
1320205,0.319967
1320206,0.319960
1320287,0.320649
1320288,0.320628
1320294,0.321150
1320297,0.321080
1331100,0.316890
1331102,0.317750
1331103,0.317906
1331104,0.318384
1331105,0.318438
1331106,0.320250
1331107,0.320457
1331108,0.320744
1331111,0.320083
1331112,0.320121
1331113,0.315401
1331114,0.316850
1331117,0.310823
1331118,0.310487
1331120,0.313837
1331121,0.312447
1331122,0.311563
1331124,0.311721
1331125,0.311616
1331140,0.318903
1331141,0.319040
1331145,0.313279
1331146,0.314789
1331147,0.315623
1331156,0.317236
1331164,0.317959
1331165,0.317908
1331166,0.319932
1331167,0.320189
1331168,0.309476
1331169,0.309965
1331192,0.313162
1331501,0.317860
1331551,0.317860
1332106,0.312886
1332107,0.282936
1332108,0.282123
1332109,0.308992
1332110,0.310639
1332111,0.307954
1332112,0.309057
1332115,0.295491
1332116,0.295476
1332117,0.286309
1332118,0.286173
1332119,0.277486
1332120,0.277980
1332121,0.275835
1332122,0.277251
1332123,0.284874
1332124,0.284811
1332129,0.305986
1332138,0.307198
1332159,0.300092
1332160,0.302362
1332161,0.294748
1332162,0.295191
1332163,0.303999
1332170,0.303349
1332171,0.306510
1332172,0.298444
1332173,0.300255
1333102,0.320371
1333103,0.320282
1333105,0.320110
1333106,0.320187
1333133,0.319633
1333134,0.319876
1333135,0.318787
1333136,0.318955
1333148,0.320283
1333149,0.320442
1333150,0.317752
1333151,0.318156
1333152,0.317568
1333153,0.317680
1333154,0.317316
1333155,0.317222
1333176,0.318922
1333177,0.319260
1333178,0.317414
1333179,0.317398
1333180,0.319843
1333181,0.319873
1333182,0.320223
1333184,0.319978
1333185,0.319998
1333502,0.318394
1333552,0.318394
1334115,0.308467
1334116,0.307903
1334123,0.306047
1334158,0.305139
1334166,0.304799
1334174,0.296403
1334175,0.296248
1334183,0.295384
1334188,0.306606
1334189,0.306544
1334190,0.308237
1335100,0.302267
1335101,0.302367
1341103,0.258002
1341104,0.260161
1341105,0.259372
1341108,0.261999
1341109,0.273420
1341116,0.259637
1341117,0.259908
1341118,0.282545
1341119,0.286853
1341120,0.271207
1341121,0.270913
1341122,0.259811
1341123,0.260460
1341124,0.253586
1341125,0.253439
1341126,0.275287
1341127,0.275964
1341128,0.274890
1341129,0.273685
1341130,0.257290
1341131,0.257230
1341132,0.252408
1341133,0.251738
1341135,0.260386
1341136,0.251839
1341137,0.265543
1341138,0.265396
1341139,0.247294
1341140,0.247311
1341143,0.249679
1341144,0.249511
1342101,0.275941
1342102,0.276414
1342110,0.290877
1342111,0.279762
1342112,0.282587
1342113,0.271366
1342114,0.272094
1342115,0.266064
1342116,0.266005
1342197,0.258339
1342198,0.259658
1342299,0.258339
1351101,0.248858
1351102,0.250040
1351103,0.245491
1351104,0.246225
1351105,0.245766
1351106,0.245441
1351107,0.250783
1351108,0.250704
1351109,0.251510
1351110,0.251209
1351112,0.254652
1351113,0.250277
1351114,0.252756
1351115,0.252770
1351116,0.252387
1351117,0.252850
1351122,0.249908
1351123,0.250615
1351124,0.250186
1351125,0.249243
1351127,0.249228
1351129,0.254079
1351132,0.246293
1352119,0.260469
1352134,0.261628
1352135,0.261194
1352136,0.264172
1352137,0.264286
1352138,0.271139
1352139,0.269114
1352142,0.267400
1352143,0.259457
1352144,0.257405
1352145,0.274257
1352146,0.274272
1352148,0.280536
1353117,0.268464
1353120,0.264595
1353121,0.260448
1353122,0.269656
1353123,0.268563
1354100,0.255617
1354101,0.246424
1354102,0.255649
1361103,0.328591
1361104,0.329207
1361105,0.322559
1361106,0.324091
1361107,0.323017
1361108,0.322497
1361112,0.317332
1361114,0.317139
1361115,0.316942
1361116,0.314737
1361117,0.314709
1361120,0.320075
1362101,0.327020
1362102,0.321583
1362103,0.320789
1362104,0.323966
1362105,0.318617
1362107,0.320108
1362108,0.319851
1362112,0.327639
1362113,0.328564
1362115,0.328913
1362116,0.328617
1362118,0.327750
1362119,0.325352
1362125,0.320113
1362127,0.329145
1362128,0.329001
1362129,0.327771
1362130,0.327841
1362131,0.321314
1362132,0.321453
1362133,0.324293
1362137,0.324673
1362138,0.324242
1362139,0.320816
1362140,0.320543
1362141,0.319704
1362142,0.316791
1362143,0.324355
1362144,0.323370
1362145,0.323323
1362146,0.323488
1362147,0.322387
1362148,0.322323
1362149,0.321919
1362150,0.321710
1362151,0.324949
1363101,0.312919
1364101,0.316856
1364102,0.316335
1364103,0.311803
1364104,0.312155
1364105,0.311098
1364106,0.311245
1370102,0.301426
1370103,0.306429
1370104,0.306016
1370106,0.301173
1370107,0.302148
1370108,0.303632
1370109,0.302207
1370110,0.302413
1370111,0.302317
1370112,0.302371
1370113,0.303096
1370114,0.302924
1370115,0.301654
1370116,0.301115
1370117,0.302326
1370118,0.302514
1370119,0.303455
1370120,0.303385
1370121,0.303583
1370122,0.302381
1370124,0.302299
1370125,0.307544
1370126,0.304719
1370127,0.303335
1370128,0.303834
1370501,0.301945
1370551,0.301945
1381101,0.307058
1381102,0.307407
1381103,0.307572
1381104,0.307311
1381105,0.307292
1381106,0.307369
1381107,0.306549
1381113,0.303906
1381120,0.307115
1381121,0.306809
1381123,0.306393
1381124,0.305836
1381126,0.306522
1381153,0.308050
1381154,0.308076
1381155,0.309050
1381156,0.309001
1382101,0.312478
1382102,0.312600
1382104,0.308960
1382111,0.310741
1382112,0.311159
1382113,0.309830
1382115,0.307861
1382116,0.307729
1382119,0.302591
1382120,0.302605
1382122,0.304049
1382123,0.307373
1382124,0.307242
1382128,0.308511
1382133,0.307309
1382135,0.307214
1382139,0.310992
1382140,0.310941
1382141,0.311297
1382142,0.311341
1382143,0.308996
1382144,0.308966
1382145,0.311684
1382146,0.311516
1382147,0.311619
1382148,0.311639
1382150,0.308574
1382151,0.308327
1382158,0.310873
1382159,0.310985
1382163,0.308416
1382164,0.308456
1382165,0.310315
1382166,0.309845
1382167,0.310867
1382168,0.310958
1382169,0.308205
1382170,0.307521
1382173,0.311693
1382174,0.308548
1382175,0.311537
1382176,0.308625
1382177,0.306107
1382178,0.306343
1382179,0.311658
1382185,0.308271
1382186,0.311498
1382187,0.311503
1382188,0.308658
1382501,0.308694
1382551,0.308694
1383100,0.308681
1383101,0.311199
1383102,0.311925
1383103,0.306085
1383104,0.310482
1383105,0.310678
1383106,0.309828
1383107,0.313504
1383108,0.313565
1383109,0.312263
1383110,0.311922
1383111,0.313344
1383112,0.312455
1383113,0.309577
1383114,0.310599
1383115,0.308887
1383116,0.308813
1383117,0.304669
1383118,0.304689
1383119,0.312474
1383120,0.305748
1383121,0.308913
1383122,0.308941
1383123,0.309000
1383124,0.311350
1383125,0.311438
1383126,0.309539
1383127,0.309813
1383128,0.305100
1383129,0.305512
1383130,0.303851
1383131,0.303782
1383132,0.309197
1383133,0.313458
1383134,0.311017
1383135,0.310554
1383136,0.309965
1383138,0.309847
1383159,0.312303
1383179,0.313538
1383180,0.303252
1383181,0.303335
1383191,0.310031
1383192,0.307095
1384147,0.311676
1384149,0.311308
1384151,0.308456
1384161,0.303111
1385100,0.306137
1385101,0.306137
1385102,0.305177
1385104,0.303340
1385148,0.311699
1385150,0.311457
1385152,0.309631
1385160,0.309256
1385161,0.309724
1385162,0.303400
1385163,0.304575
1385172,0.311700
1385174,0.311518
1385178,0.311653
1385180,0.303760
1386100,0.308971
1386101,0.309484
1391100,0.305525
1391101,0.304781
1391102,0.305568
1391103,0.304770
1391104,0.304348
1391105,0.306219
1391106,0.306633
1391107,0.304533
1391108,0.306404
1391109,0.306359
1391110,0.305049
1391111,0.305331
1391112,0.304499
1391113,0.304473
1391116,0.303540
1391117,0.303485
1391118,0.303648
1391119,0.303568
1391120,0.303960
1391121,0.303659
1391122,0.304443
1391123,0.304348
1391124,0.304453
1391125,0.304087
1391134,0.305157
1391135,0.305152
1391136,0.304419
1391139,0.306779
1391140,0.307653
1391141,0.307290
1391142,0.307994
1391143,0.308058
1391187,0.309527
1391190,0.306028
1391191,0.305843
1391192,0.307789
1391193,0.307844
1391196,0.308170
1392100,0.310760
1392101,0.310587
1392102,0.310584
1392103,0.310097
1392104,0.310094
1392105,0.309686
1392106,0.309560
1392107,0.308973
1392108,0.309069
1392136,0.311757
1392138,0.310753
1392143,0.309378
1392144,0.309338
1392146,0.310112
1392147,0.310025
1392148,0.310365
1392149,0.310275
1392150,0.310319
1392151,0.310338
1392154,0.309580
1392155,0.310732
1392157,0.310136
1392158,0.310100
1392165,0.309749
1392180,0.311401
1392184,0.311171
1392185,0.309537
1392188,0.309582
1392501,0.309846
1392551,0.309846
1401101,0.304327
1401102,0.304353
1401103,0.304799
1401104,0.304757
1401105,0.304177
1401106,0.304132
1401107,0.304275
1401109,0.306101
1401110,0.306273
1401111,0.309223
1401112,0.308877
1401113,0.311013
1401114,0.303999
1401115,0.306990
1401117,0.304420
1401119,0.308611
1401123,0.318321
1401124,0.308221
1401127,0.312448
1401128,0.312746
1401129,0.312672
1401130,0.304000
1401131,0.305080
1401132,0.304026
1401133,0.304788
1401134,0.305814
1401135,0.306014
1401136,0.308252
1401138,0.312131
1401145,0.304204
1401147,0.313601
1401148,0.311101
1401149,0.314301
1401151,0.304064
1401152,0.311384
1401154,0.312917
1401155,0.313212
1401156,0.305053
1401180,0.310307
1401224,0.319238
1402119,0.317762
1402120,0.318990
1402121,0.316359
1402122,0.315842
1402125,0.313312
1402126,0.313424
1402127,0.314480
1402128,0.315185
1402144,0.316285
1402145,0.316009
1402150,0.314622
1402152,0.314417
1402153,0.317780
1402154,0.312883
1402155,0.313066
1402156,0.313738
1402157,0.313969
1402173,0.311585
1402179,0.311401
1402181,0.311906
1402182,0.311973
1402183,0.311314
1403115,0.303932
1403126,0.305601
1403127,0.305532
1403128,0.305978
1403129,0.305963
1403130,0.306748
1403131,0.306562
1403133,0.308288
1403134,0.304312
1403135,0.304495
1403164,0.309304
1403166,0.308334
1403167,0.308354
1403168,0.308012
1403169,0.307038
1403170,0.307145
1403171,0.307527
1403172,0.307480
1403175,0.307858
1403194,0.307395
1403195,0.307348
1403197,0.307862
1411100,0.308964
1411101,0.305687
1411102,0.303798
1411103,0.302678
1411104,0.308974
1411105,0.293488
1411106,0.294292
1411107,0.292663
1411108,0.293174
1411109,0.301923
1411110,0.301326
1411111,0.292313
1411112,0.292344
1411113,0.309528
1411114,0.309501
1411115,0.309027
1411116,0.308980
1411117,0.310795
1411118,0.310887
1411119,0.292102
1411122,0.294990
1411123,0.293768
1411124,0.298092
1411125,0.297026
1411128,0.306724
1411130,0.311264
1411131,0.309954
1411174,0.312131
1411501,0.312712
1411551,0.312712
1412118,0.292005
1412120,0.291888
1412130,0.292897
1412132,0.292247
1412133,0.292420
1412134,0.291890
1412298,0.291922
1413112,0.295922
1413113,0.296412
1413114,0.293631
1413115,0.293922
1413116,0.293056
1413117,0.293009
1413118,0.295127
1413119,0.294712
1413158,0.293024
1413256,0.293617
1413283,0.292903
1414135,0.293319
1414136,0.293318
1414137,0.293594
1414138,0.293550
1414139,0.294597
1414140,0.294496
1414141,0.294490
1414142,0.294474
1414143,0.294144
1414144,0.294123
1414145,0.293919
1414146,0.293928
1414147,0.293812
1414148,0.293805
1414149,0.293482
1414152,0.293444
1414153,0.293358
1414154,0.293467
1414155,0.293770
1414156,0.293765
1420101,0.301504
1420102,0.301477
1420103,0.294665
1420104,0.295828
1420105,0.293600
1420106,0.293607
1420107,0.294649
1420108,0.294289
1420109,0.298248
1420110,0.297000
1420112,0.300323
1420113,0.294839
1420114,0.294762
1420115,0.297326
1420116,0.295470
1420117,0.299160
1420118,0.299932
1420119,0.300634
1420120,0.305428
1420121,0.297463
1420122,0.297373
1420123,0.296674
1420124,0.296700
1420125,0.302212
1420126,0.302103
1420127,0.295592
1420132,0.300208
1420136,0.301179
1420601,0.296679
1420602,0.296679
1431102,0.308270
1431104,0.312629
1431106,0.312551
1431107,0.312652
1431108,0.312442
1431129,0.311679
1431130,0.311208
1431131,0.313334
1431132,0.313337
1431133,0.316915
1431134,0.316931
1431135,0.320382
1431136,0.320276
1431137,0.318146
1431138,0.318474
1431139,0.312447
1431140,0.312807
1431141,0.312679
1431142,0.313184
1431143,0.315413
1431144,0.315306
1431145,0.315588
1431146,0.315828
1431147,0.315112
1431148,0.315495
1431149,0.314827
1431150,0.314700
1431151,0.316956
1431152,0.317088
1431154,0.313543
1431180,0.311299
1431182,0.311088
1431183,0.312607
1431185,0.312560
1431186,0.306662
1431187,0.312546
1431188,0.312472
1431189,0.312550
1431601,0.312544
1431602,0.312544
1431603,0.311633
1431604,0.311633
1432105,0.312376
1432106,0.312539
1432107,0.312610
1432110,0.291098
1432111,0.292005
1432112,0.297490
1432116,0.298791
1432122,0.310802
1432123,0.310979
1432124,0.316356
1432125,0.312141
1432126,0.312826
1432151,0.292902
1432152,0.289746
1432154,0.300356
1432155,0.290160
1432157,0.294025
1432158,0.294292
1432159,0.298644
1432160,0.296968
1432161,0.308412
1432162,0.308207
1432164,0.311827
1432178,0.312598
1432179,0.312252
1432180,0.316511
1432181,0.315962
1433103,0.309298
1433104,0.309022
1433105,0.310187
1433106,0.310154
1433107,0.310312
1433108,0.309254
1433113,0.310015
1433118,0.308712
1433119,0.308766
1433120,0.309292
1433121,0.309167
1433127,0.309197
1433128,0.309286
1433156,0.300217
1433166,0.300377
1433173,0.299937
1433183,0.309343
1434101,0.308476
1434102,0.309194
1434103,0.309357
1434112,0.309552
1434114,0.309496
1434153,0.303761
1434154,0.307485
1434165,0.299108
1434167,0.309621
1434168,0.309513
1434169,0.306196
1434170,0.304976
1434171,0.303216
1434172,0.309810
1434173,0.304690
1434174,0.303671
1434176,0.304386
1434177,0.306493
1434178,0.305965
1434179,0.309652
1434180,0.309282
1434183,0.312410
1434184,0.312741
1434185,0.312198
1434186,0.312162
1434190,0.309870
1440101,0.288960
1440102,0.290914
1440103,0.284082
1440104,0.284053
1440105,0.283450
1440106,0.282645
1440107,0.284059
1440108,0.284090
1440109,0.285254
1451100,0.314581
1451101,0.314623
1451102,0.313407
1451103,0.303567
1451104,0.303556
1451105,0.313344
1451108,0.307489
1451109,0.305606
1451110,0.305998
1451111,0.316516
1451113,0.313906
1451114,0.311363
1451115,0.311459
1451116,0.309448
1451118,0.307808
1451119,0.309164
1451121,0.312145
1451122,0.309370
1451123,0.307878
1451124,0.308007
1451125,0.314648
1451126,0.314718
1451127,0.308617
1451128,0.308765
1451139,0.315861
1451174,0.315229
1451175,0.313509
1451178,0.313473
1451179,0.313002
1451180,0.313848
1451181,0.308802
1451182,0.309598
1451183,0.308180
1451184,0.308554
1451186,0.313632
1451187,0.313226
1451188,0.313627
1451190,0.310782
1451191,0.310301
1451192,0.304497
1451193,0.304235
1452100,0.320356
1452103,0.325418
1452104,0.325483
1452108,0.319453
1452109,0.319737
1452110,0.317079
1452111,0.316971
1452112,0.317005
1452113,0.317534
1452114,0.317517
1452119,0.320268
1452133,0.324808
1452134,0.324956
1452137,0.319536
1452138,0.319417
1452139,0.322379
1452140,0.322548
1452141,0.322369
1452142,0.322542
1452143,0.321922
1452144,0.322152
1452168,0.326172
1452169,0.322977
1452170,0.323797
1452601,0.320459
1452602,0.320459
1453103,0.319723
1453104,0.328573
1453105,0.320934
1453106,0.320818
1453107,0.319974
1453109,0.321392
1453110,0.321923
1453111,0.317488
1453113,0.319439
1453116,0.328083
1453117,0.327828
1453118,0.327892
1453119,0.322258
1453120,0.322057
1453121,0.323206
1453122,0.325396
1453123,0.320172
1453125,0.316491
1453126,0.328556
1453127,0.320612
1453128,0.329237
1453130,0.329164
1453132,0.329587
1453134,0.320942
1453138,0.320694
1453151,0.317643
1453152,0.317683
1453154,0.321728
1453155,0.321122
1453181,0.326930
1453182,0.328803
1453184,0.328425
1453185,0.320323
1453186,0.328843
1453189,0.328479
1453202,0.328109
1453287,0.329198
1453601,0.329409
1453602,0.329409
1454100,0.310773
1454101,0.320870
1454102,0.320914
1454103,0.319720
1454104,0.319712
1454105,0.319069
1454106,0.317353
1454107,0.316346
1454109,0.319309
1454110,0.315918
1454111,0.316234
1454112,0.317032
1454113,0.311616
1454114,0.313306
1454115,0.317152
1454116,0.319131
1454117,0.319621
1454118,0.318540
1454119,0.317513
1454120,0.318867
1454121,0.319502
1454123,0.320203
1454124,0.320409
1454127,0.317188
1454128,0.321351
1454129,0.317153
1454131,0.318790
1454133,0.318261
1454135,0.317134
1454136,0.315164
1454138,0.316057
1454140,0.317066
1454141,0.317602
1454142,0.319079
1454143,0.313382
1454144,0.313313
1454145,0.316027
1454146,0.315968
1454147,0.320012
1454148,0.318977
1454149,0.320194
1454150,0.320059
1454156,0.319453
1454157,0.319572
1454184,0.318053
1454192,0.320630
1454601,0.316919
1454602,0.316919
1455101,0.329116
1455102,0.329699
1455108,0.329895
1455109,0.330485
1455110,0.330989
1455111,0.328274
1455112,0.332691
1455113,0.332743
1455129,0.330628
1455130,0.330673
1455131,0.328385
1455132,0.328781
1455158,0.327352
1455159,0.327867
1455160,0.336055
1455161,0.334343
1455162,0.335998
1455163,0.336815
1455164,0.332918
1455165,0.332363
1455166,0.329110
1455167,0.329020
1455171,0.331380
1455172,0.330792
1455173,0.331293
1456107,0.313347
1456118,0.312864
1456122,0.314936
1456123,0.314521
1456153,0.312147
1456194,0.311135
1456195,0.310939
1456196,0.311425
1456197,0.313619
1456198,0.312424
1457106,0.329856
1457107,0.330274
1461100,0.320529
1461105,0.320392
1461107,0.320770
1461108,0.320902
1461109,0.320124
1461110,0.320371
1462106,0.321300
1463101,0.317643
1463102,0.317417
1463103,0.316891
1463104,0.316916
1463105,0.316289
1463106,0.316624
1463113,0.319245
1463114,0.319588
1463115,0.318632
1463116,0.318568
1463117,0.320814
1463118,0.320905
1463180,0.318452
1463181,0.318493
1464123,0.323602
1464135,0.321391
1465101,0.324542
1465102,0.324614
1465103,0.322744
1465104,0.323161
1465105,0.321201
1465111,0.320860
1465112,0.320876
1465131,0.323570
1465133,0.322597
1465134,0.322963
1465136,0.322133
1465143,0.325103
1465145,0.324824
1465146,0.325802
1465147,0.325592
1465177,0.324664
1465501,0.325019
1465551,0.325024
1471105,0.294447
1471106,0.294460
1471108,0.294453
1471109,0.297745
1471111,0.301095
1471112,0.301073
1471114,0.315205
1471116,0.294081
1471117,0.296565
1471118,0.296237
1471119,0.302152
1471120,0.300694
1471122,0.294333
1471123,0.309460
1471124,0.310831
1471125,0.303230
1471126,0.305769
1471129,0.302230
1471130,0.302565
1471133,0.294840
1471135,0.294392
1471136,0.294496
1471137,0.297795
1471138,0.297245
1471139,0.295147
1471140,0.295093
1471141,0.294493
1471142,0.294500
1471143,0.294454
1471144,0.294447
1471145,0.294401
1471146,0.294420
1471147,0.294385
1471149,0.294332
1471150,0.294447
1471151,0.294441
1471152,0.294461
1471153,0.295039
1471154,0.294640
1471155,0.296817
1471156,0.303117
1471157,0.302771
1471158,0.302886
1471159,0.297366
1471160,0.297622
1471161,0.299005
1471164,0.313696
1471171,0.305542
1471172,0.306111
1471173,0.301562
1471174,0.302395
1471175,0.309631
1471176,0.310113
1471177,0.310598
1471178,0.309939
1471179,0.297493
1471180,0.307342
1471181,0.296678
1471182,0.303602
1471183,0.308458
1471184,0.301274
1471185,0.302896
1471186,0.303647
1471193,0.303591
1471195,0.301791
1471197,0.303740
1472100,0.293372
1472101,0.294230
1472102,0.294117
1472104,0.293373
1472105,0.299260
1472106,0.294093
1472107,0.293998
1472108,0.293491
1472109,0.293507
1472110,0.293423
1472111,0.293420
1472112,0.294574
1472113,0.294109
1472114,0.295008
1472115,0.298108
1472121,0.294152
1472122,0.294119
1472123,0.294034
1472124,0.294031
1472125,0.294029
1472126,0.294040
1472128,0.293561
1472131,0.298393
1472132,0.299119
1472133,0.296972
1472134,0.296785
1472135,0.293413
1472148,0.293478
1472153,0.294298
1472194,0.294159
1472195,0.294021
1472196,0.293990
1472197,0.293715
1472198,0.293708
1473101,0.295516
1473102,0.296135
1473103,0.294053
1473104,0.294234
1473105,0.293624
1473106,0.293939
1473107,0.294282
1473108,0.294512
1473109,0.294275
1473110,0.294193
1473111,0.296482
1473112,0.296634
1473113,0.294472
1473114,0.292546
1473116,0.293287
1473118,0.294064
1473119,0.296804
1473120,0.296675
1473121,0.299049
1473122,0.299537
1473123,0.301063
1473124,0.293281
1473125,0.293276
1473162,0.300036
1473163,0.300041
1473164,0.297900
1473165,0.297475
1473168,0.295555
1473180,0.293863
1473183,0.295509
1473191,0.295430
1473221,0.294068
1473223,0.294132
1473601,0.296757
1473602,0.296757
1473604,0.293742
1474101,0.304545
1474102,0.305761
1474103,0.296295
1474104,0.296416
1474105,0.294984
1474106,0.295006
1474107,0.294498
1474108,0.294502
1474109,0.310094
1474111,0.307098
1474112,0.307707
1474114,0.310926
1474116,0.314422
1474120,0.295657
1474121,0.320493
1474122,0.322965
1474127,0.313572
1474128,0.314557
1474184,0.309274
1474189,0.314642
1491101,0.306111
1491102,0.304067
1491103,0.309094
1491104,0.307289
1491107,0.314481
1491108,0.314033
1491109,0.315428
1491110,0.315236
1491111,0.316735
1491112,0.316563
1491113,0.317502
1491115,0.317031
1491116,0.317224
1491117,0.316736
1491118,0.316780
1491119,0.317599
1491120,0.317498
1491121,0.318721
1491122,0.300682
1491123,0.301634
1491124,0.296987
1491125,0.296366
1491126,0.310936
1491127,0.310319
1491128,0.312803
1491129,0.312800
1491131,0.314723
1491132,0.314362
1491133,0.315560
1491134,0.315464
1491135,0.315822
1491136,0.315841
1491138,0.312852
1491139,0.318281
1491143,0.317937
1491144,0.317975
1491147,0.310659
1491148,0.310981
1491150,0.307416
1491152,0.282371
1491155,0.313733
1491156,0.313207
1491157,0.313681
1491158,0.312189
1491159,0.316980
1491160,0.317042
1491161,0.318557
1491162,0.318625
1491163,0.318629
1491164,0.318580
1491166,0.318108
1491167,0.317809
1491168,0.310762
1491169,0.313044
1491170,0.313169
1491171,0.317439
1491199,0.272968
1492100,0.275600
1492103,0.275600
1492121,0.277785
1492122,0.275695
1492123,0.275703
1492126,0.275600
1492137,0.312281
1492141,0.304829
1492142,0.304722
1492143,0.287499
1492144,0.289832
1492145,0.277012
1492146,0.277304
1492147,0.275600
1492148,0.275600
1492149,0.275600
1492151,0.275600
1492152,0.275600
1493102,0.317845
1493161,0.316776
1493163,0.317165
1494102,0.318097
1494103,0.318037
1494104,0.318278
1494105,0.318236
1494107,0.318554
1494157,0.318600
1494165,0.317435
1494167,0.317734
1495101,0.314582
1495102,0.312981
1495103,0.312992
1495104,0.310801
1495105,0.311356
1495135,0.315643
1495150,0.315825
1495151,0.315705
1495152,0.315115
1495153,0.315221
1495154,0.313661
1495155,0.313915
1495157,0.316762
1510101,0.298263
1510102,0.295470
1510103,0.276720
1510104,0.275184
1510105,0.271900
1510106,0.271900
1510107,0.271900
1531102,0.313584
1531103,0.307129
1531104,0.306071
1531107,0.300955
1531108,0.300927
1531109,0.301685
1531110,0.304641
1531111,0.313797
1531115,0.313163
1531116,0.313520
1531117,0.314371
1531120,0.314303
1531121,0.313071
1531122,0.300940
1531123,0.301453
1531151,0.314456
1531153,0.314594
1531154,0.314607
1531155,0.314452
1531156,0.314455
1531157,0.314208
1531158,0.314212
1531159,0.313956
1531160,0.313962
1532100,0.312645
1532101,0.305818
1532107,0.299214
1532108,0.299165
1532109,0.309099
1532111,0.299705
1532112,0.299598
1532113,0.300307
1532114,0.300152
1532115,0.301126
1532116,0.301021
1532117,0.301612
1532118,0.299650
1532119,0.299701
1532120,0.300475
1532121,0.300351
1532122,0.300611
1532123,0.303023
1532124,0.303029
1532125,0.313625
1532143,0.287431
1541047,0.298913
1541100,0.309196
1541101,0.298759
1541103,0.299265
1541104,0.300725
1541105,0.300123
1541106,0.301852
1541107,0.301288
1541108,0.305711
1541109,0.304259
1541110,0.309258
1541111,0.307907
1541118,0.297966
1541120,0.309393
1541121,0.310562
1541122,0.310584
1541123,0.309195
1541124,0.310236
1541126,0.305392
1541127,0.302537
1541128,0.302940
1541129,0.299622
1541130,0.299270
1541131,0.299196
1541132,0.299492
1541133,0.298772
1541134,0.298688
1541137,0.311600
1541138,0.311600
1541139,0.311945
1541140,0.311860
1541141,0.312067
1541142,0.312119
1541143,0.311600
1541144,0.311600
1541145,0.312794
1541146,0.312714
1541148,0.298244
1541149,0.297455
1541150,0.297374
1541151,0.308723
1541152,0.308927
1541156,0.312958
1541157,0.312943
1541159,0.308771
1541161,0.313474
1541162,0.313548
1541163,0.311105
1541164,0.311516
1541165,0.308825
1541166,0.313369
1541167,0.313248
1541168,0.313729
1541169,0.313730
1541172,0.314342
1541173,0.314337
1541174,0.313944
1541176,0.313891
1541177,0.313850
1541182,0.314404
1541184,0.298565
1541185,0.298081
1541186,0.306575
1541189,0.306420
1541191,0.314064
1541193,0.312532
1541194,0.304736
1541195,0.312824
1541196,0.312675
1541197,0.304587
1541198,0.303222
1541199,0.303254
1541207,0.302337
1541218,0.303644
1541601,0.312642
1541602,0.312642
1541604,0.313454
1542101,0.313052
1542102,0.312971
1542103,0.311059
1542104,0.312248
1542125,0.305772
1542129,0.300190
1542130,0.300789
1542136,0.300488
1542137,0.304421
1542138,0.306101
1543101,0.313545
1543102,0.313502
1543139,0.313275
1543141,0.313668
1543148,0.311760
1543149,0.313005
1543181,0.313840
1544100,0.311600
1544101,0.311600
1544102,0.311600
1544103,0.311600
1544155,0.311600
1545100,0.313789
1545101,0.311600
1545103,0.313649
1545106,0.313594
1545107,0.313831
1545109,0.313565
1546101,0.313852
1546103,0.313735
1548100,0.306600
1548101,0.306130
1548102,0.313438
1548104,0.308172
1548105,0.303298
1548106,0.304326
1548107,0.312515
1548108,0.306566
1548112,0.300254
1600201,0.287553
1600202,0.286842
1600203,0.244232
1600204,0.248547
1600205,0.243725
1600206,0.243500
1600207,0.243500
1600208,0.243500
1600209,0.243500
1600210,0.243500
1600211,0.243500
1600212,0.243500
1600213,0.243500
1600214,0.243500
1600215,0.243500
1600216,0.243500
1600217,0.243500
1600218,0.243500
1600231,0.243500
1601130,0.243500
1601140,0.243500
1601201,0.243500
1601202,0.243500
1601203,0.243500
1601204,0.243500
1601205,0.243500
1601206,0.243500
1601207,0.243500
1601208,0.243500
1601209,0.243500
1601210,0.243500
1602101,0.243500
1602102,0.243500
1602109,0.243500
1602110,0.243500
1602111,0.243500
1602201,0.243500
1602202,0.243500
1602203,0.243500
1602204,0.243500
1602205,0.243500
