stop_id,walk15_gini
1,43.492812
100,36.796977
1000,32.672600
1001,33.046978
1002,33.060684
1003,32.933866
1004,32.981289
1005,32.682657
1006,32.668987
1007,32.298847
1008,32.314600
1009,31.287096
101,36.958544
1010,31.198652
1011,30.368361
1012,30.429352
1013,29.336390
1014,29.371774
1015,29.102704
1016,29.080662
1017,28.930622
1018,28.882614
1019,28.846458
102,36.885160
1020,28.812056
1021,30.908268
1022,30.867650
1023,29.453629
1024,29.451925
1025,31.472789
1026,31.236417
1027,29.186561
1028,30.800292
1029,30.725049
103,37.281833
1030,28.837967
1031,28.822099
1032,28.724136
1033,28.721089
1034,28.691542
1035,28.692598
1036,28.726207
1037,28.747387
1038,28.583758
1039,28.016839
104,37.193292
1040,28.021599
1041,28.015981
1042,28.046969
1043,28.209264
1044,28.209184
1045,28.393870
1046,28.599440
1048,29.146630
1049,40.178503
105,37.061640
1051,28.939112
1052,29.072590
1053,29.063980
1054,29.205864
1055,29.163848
1056,29.074337
1057,29.128148
1058,28.831306
1059,28.882288
106,37.093265
1060,29.461832
1061,29.463923
1062,29.267033
1064,29.415044
1065,29.434015
1066,29.149362
1067,28.655139
1069,28.388696
107,37.346306
1070,28.841045
1072,28.826413
1073,27.967681
1074,28.566006
1075,28.670761
1076,29.353948
1077,29.316769
1078,32.363098
1079,32.203543
108,37.395289
1080,31.971704
1081,31.978253
1082,31.803626
1083,31.810374
1084,30.690053
1085,31.097793
1086,30.663925
1087,28.965854
1088,30.224486
1089,30.183845
109,37.561368
1090,31.130363
1091,32.158313
1092,32.325386
1093,30.350539
1094,30.474746
1095,30.882753
1096,31.330701
1097,31.295623
1098,31.303464
1099,31.426408
11,36.696542
110,37.592932
1100,31.663152
1101,32.199505
1102,32.717722
1103,32.745528
1104,32.764134
1105,32.206602
1106,32.323601
1107,32.550661
1108,32.552838
1109,32.521830
111,37.431953
1110,32.556371
1115,31.261150
1116,30.847983
1117,31.491044
1118,30.905981
1119,31.015539
112,37.409922
1120,31.049361
1121,30.884104
1122,30.843927
1123,30.816076
1124,31.216902
1125,31.172146
113,37.421648
1132,32.814017
1133,31.155966
1134,32.173269
1135,31.405560
1136,31.461179
1137,31.205484
1138,31.285200
1139,30.188559
114,37.200349
1140,30.176452
1141,29.976748
1142,29.895687
1143,29.762256
1144,29.984758
1145,30.304502
1147,30.020323
1148,29.843172
1149,33.096159
115,37.169766
1150,32.728363
1151,32.000384
1152,31.853647
1153,31.900786
1154,31.794094
1155,31.831768
1156,31.618075
1157,31.689600
1158,30.355192
1159,29.811678
116,37.285093
1160,29.550259
1161,29.344812
1162,29.548343
1163,29.556613
1164,29.738346
1165,30.355588
1166,34.966105
1167,35.112715
1168,31.206008
1169,28.848404
117,37.223768
1170,31.218075
1171,31.175454
1172,30.209728
1173,30.201173
1174,29.967120
1175,29.952856
1176,30.279344
11760,29.768715
1177,30.234713
1178,31.638570
1179,31.585256
118,37.076985
1180,32.133241
1181,31.956881
1182,31.072032
1183,31.738241
1184,32.899460
1185,34.392793
1186,32.073417
1187,31.277807
1188,30.999813
1189,30.630019
119,37.028150
1190,30.654716
1191,30.818296
1192,30.795663
1193,30.908537
1194,30.885143
1195,30.803084
1196,30.793186
1197,30.802998
1198,30.838895
1199,33.165660
120,37.224854
1200,29.301815
1201,29.283699
1202,29.177678
1203,29.175772
1204,28.984250
1205,28.991179
1206,28.959043
1207,28.983736
1208,28.898228
1209,28.915591
1210,28.974650
1211,28.970131
1213,29.089360
1214,29.420616
1215,29.217780
1216,36.480427
1217,36.629357
1218,36.492221
1219,36.424493
1220,36.376870
1221,36.526470
1222,36.638353
1223,37.515093
1224,37.393251
1226,38.325553
1227,38.981628
1228,38.957491
1229,40.335135
123,33.682977
1230,40.376299
1232,41.551261
1233,33.257465
1234,32.541884
1235,32.567919
1236,32.251680
1237,32.263078
1238,32.314514
1239,32.291213
124,31.913920
1240,32.363612
1241,32.579830
1242,32.811191
1243,32.800620
1244,32.787148
1246,32.801970
1247,36.886615
1248,32.875800
1249,34.986816
125,31.044775
1250,33.282692
1252,37.157587
1253,35.108783
1254,36.178855
1255,36.063286
1256,34.203792
1257,34.215804
1258,37.884198
1259,38.837584
126,31.135132
1260,29.935117
1261,29.869318
1262,30.034776
1263,30.030488
1264,29.923210
1265,29.933657
1266,29.646963
1268,29.057648
1269,29.048296
127,31.137116
1270,29.175303
1271,29.168661
1272,29.123159
1273,29.114692
1274,29.039627
1275,29.060757
1277,28.897061
1278,28.873890
128,31.240295
1280,36.455508
1281,35.191861
1283,32.184543
1284,33.481632
1285,33.567215
1286,37.535476
1287,41.555117
1289,34.326456
129,31.650857
1291,34.706537
1292,33.164897
1293,33.205487
1294,31.085293
1295,31.144963
1296,30.390851
1297,30.435279
1298,29.372082
1299,29.398333
13,44.379722
130,31.701227
1301,29.311744
1302,29.575790
1303,29.582785
1305,38.433478
1306,29.925167
1307,29.902378
1308,29.982756
1309,29.974299
131,31.904592
1310,30.074101
1311,29.994496
1312,30.031910
1313,30.126352
1314,30.202702
1315,30.749300
1316,30.790217
1317,30.568175
1319,30.131920
132,31.946301
1321,30.539406
1322,30.547383
1323,30.715643
1324,32.759045
1325,36.660513
1326,37.969999
1327,28.864628
1328,37.507658
1329,36.022660
133,31.996660
1330,34.478612
1331,34.247937
1332,33.925244
1333,31.301577
1334,33.729155
1335,33.887357
1336,35.001085
1337,28.973924
1338,35.184903
134,31.994250
1340,36.471730
1341,43.787742
1342,44.044996
1343,39.935873
1344,40.266176
1346,40.468323
1347,37.346267
1348,37.423445
1349,36.661305
135,31.657252
1350,36.517519
1351,36.351058
1352,32.786759
1353,32.892472
1354,31.076813
1355,30.424728
1356,30.155173
1357,30.084446
1358,29.768715
1359,29.431723
136,31.860951
1360,29.424658
1361,29.711454
1362,29.117461
1363,29.051434
1364,29.033917
1365,28.916485
1366,28.616787
1367,28.608504
1368,28.734318
1369,28.622500
137,31.228448
1370,28.580218
1371,28.613817
1372,28.460138
1373,28.433492
1374,28.817197
1375,28.711672
1376,29.640033
1377,29.391009
1378,28.838944
1379,28.366352
138,31.289176
1380,28.385663
1381,35.398017
1382,35.668090
1383,36.241162
1384,36.484409
1386,37.274759
1387,37.067458
139,30.766281
1393,40.887651
1395,36.801343
1396,31.171812
1397,36.747373
1398,36.089223
1399,35.838336
14,44.381625
140,30.756943
1400,31.242864
1401,34.444561
1402,32.467849
1403,32.433829
1404,31.373341
1405,31.461571
1406,31.236022
1407,31.221284
1408,31.602978
1409,31.611761
1410,32.364313
1411,32.362097
1412,31.630877
1414,34.870157
1415,35.099685
1416,35.098984
1417,35.113880
1418,35.141064
1419,35.356450
1420,35.586906
1421,35.754936
1422,35.972918
1423,36.783050
1424,37.799253
1425,31.364218
1426,31.571541
1427,36.341367
1428,35.979515
1429,37.267960
1430,29.711978
1431,31.198145
1432,31.160386
1433,31.085946
1434,31.157440
1435,31.217728
1436,31.328992
1437,31.623073
1439,29.976668
1440,30.004202
1441,30.005982
1442,29.992693
1443,29.951938
1444,30.062526
1445,30.060841
1446,29.905214
1447,29.678702
1448,31.385551
1449,29.115154
145,33.336451
1450,30.015078
1452,32.445379
1453,32.507225
1454,32.443912
1455,32.487168
1456,32.541443
1457,32.468934
1458,32.410525
1459,32.595977
146,35.497696
1460,32.562168
1461,32.978880
1462,32.986454
1463,32.750725
1464,32.777835
1465,32.493560
1466,32.330473
1467,32.127775
1468,32.158303
1469,31.964314
147,36.273540
1470,31.779724
1471,31.515506
1472,31.184057
1473,31.139917
1474,30.725116
1475,30.748806
1476,30.301618
1477,30.307433
1478,30.082072
1479,30.077835
148,35.939762
1480,30.058293
1481,30.036014
1482,29.892331
1483,29.850843
1484,29.662289
1486,36.248560
1487,35.248887
1488,33.842582
1489,32.541487
149,35.750391
1490,31.754684
1491,31.823421
1492,30.896641
1493,30.935745
1494,30.612207
1495,30.956598
1496,30.448644
1497,30.510108
1498,30.249625
1499,30.299697
150,35.484806
1500,29.871747
1501,29.646075
1502,29.637623
1503,29.404753
1504,29.349574
1505,29.201637
1506,29.213846
1507,29.401957
1508,29.365915
1509,29.732129
151,35.549715
1510,29.754285
1511,29.871149
1512,29.881741
1513,30.158013
1514,30.113109
1515,30.383487
1516,30.372672
1517,30.443708
1518,30.436320
152,35.479971
1520,30.474767
1522,31.968411
1523,31.743183
1524,29.838728
1525,33.008786
1526,33.706823
1527,34.642644
153,35.447667
1530,35.841866
1531,35.804045
1532,35.344250
1533,35.299629
1535,34.911264
1537,33.573251
1539,32.885856
154,36.621584
1542,30.163705
1543,29.926943
1544,28.768050
1545,28.746618
1546,28.651844
1547,28.765854
1548,29.169356
1549,29.159225
155,36.587351
1550,30.478974
1551,30.481142
1552,30.292931
15525,35.899078
1553,30.271425
1554,30.275254
1555,30.274277
1556,30.325210
1557,31.375175
1558,30.336869
1559,30.341587
156,37.565896
1562,35.269498
1563,30.577351
1565,29.824913
1566,35.370995
1567,34.108191
1568,35.080148
1569,34.925753
157,37.594994
1570,34.922505
1571,34.927976
1572,34.837423
1573,34.661758
1574,34.668845
1575,34.397608
1576,34.441407
1577,34.330515
1578,34.343143
1579,33.816032
158,38.631778
1580,33.818948
1581,32.276215
1582,32.252206
1583,31.505348
1584,31.498410
1585,31.317588
1587,31.548397
1588,31.564971
1589,31.765670
159,38.688405
1590,31.819303
1591,32.370492
1592,32.454725
1593,31.901108
1594,31.551971
1595,29.770532
1596,29.751547
1597,30.174263
1598,31.465002
1599,34.699740
16,44.400000
1600,35.178030
1602,30.983227
1604,29.591076
1605,29.548977
1606,28.795417
1607,28.777381
1608,28.834455
1609,28.836543
161,42.390521
1610,28.834545
1611,28.729823
1612,28.951384
1614,29.005205
1615,29.034807
1616,29.036471
1617,29.260070
1618,29.270296
1619,29.715482
162,42.111234
1620,29.726168
1621,30.066131
1622,30.061513
1623,30.218898
1624,30.201045
1625,30.594467
1626,30.581374
1627,30.925728
1628,30.910342
1629,30.946581
163,42.199866
1630,30.935408
1631,31.678964
1632,31.361863
1633,32.645374
1634,32.598519
1635,32.108921
1636,29.204534
1637,29.749019
1638,30.186040
1639,28.721797
164,40.842369
1640,31.837163
1643,33.644222
1644,33.611502
1645,32.094276
1646,32.377656
1647,31.694076
1648,31.851080
1649,31.395419
1650,31.426088
1651,31.280353
1652,31.320595
1653,30.865812
1654,30.877058
1655,30.844659
1656,30.942176
1657,30.766096
1658,30.776196
1659,30.401662
1661,30.134367
1663,30.108839
1664,30.132172
1665,28.934844
1666,35.062104
1667,35.073031
1668,34.929713
1669,34.938446
1670,34.680255
1671,34.762353
1672,34.384288
1673,34.369920
1674,34.519831
1675,34.433347
1676,34.420902
1677,34.385388
1678,33.939012
1679,33.887507
168,39.225610
1680,32.866332
1681,32.815992
1682,31.045842
1683,31.157059
1684,35.134145
1685,35.704921
1686,36.027449
1687,36.145536
1688,36.749879
1689,34.661465
169,39.348164
1690,34.777931
1691,34.638932
1692,34.738453
1693,34.183251
1694,34.895733
1696,36.820157
1697,38.942723
1698,38.815728
1699,37.532643
170,38.824772
1700,42.365108
1701,31.997875
1703,31.296144
1704,31.407568
1705,31.445900
1706,31.431115
1709,32.429949
171,38.637766
1710,32.394196
1711,32.864650
1712,32.809052
1713,33.995687
1715,35.631050
1716,36.651931
1717,36.766645
1718,37.069171
1719,36.987600
172,37.577371
1720,36.303591
1721,36.285565
1722,35.814799
1723,35.902412
1724,34.950250
1725,34.893777
1726,33.579518
1727,33.387592
1728,36.968238
1729,31.877225
173,37.470212
1730,31.480599
1731,31.596232
1732,30.414957
1733,30.020900
1734,28.493922
1735,28.581200
1736,28.393590
1737,28.394325
1738,30.951563
17388,29.109816
1739,29.799867
174,41.148034
1740,29.808274
1741,30.179617
1742,30.174447
1743,31.254696
1744,31.575749
1745,32.963138
1746,33.072122
1748,35.086549
1749,34.770686
175,37.014355
1750,37.863768
1751,35.504903
1752,35.340302
1753,35.663885
1757,35.388784
1758,35.360343
1759,34.930777
1760,34.864778
1761,35.519892
1762,35.086423
1763,34.012619
17643,43.343077
17644,43.482978
1765,39.112911
1766,39.086355
1767,38.421071
1768,38.514320
17688,38.209523
1769,37.941403
177,36.118279
1770,37.940531
1771,37.860960
1772,37.696188
1773,40.405992
1774,38.613776
1776,30.317885
1777,30.465196
1778,29.482655
1780,29.299325
1781,28.996951
1782,29.026704
1783,29.086422
1784,29.243297
1785,29.618044
1786,29.486221
1787,30.647355
1788,30.677341
1789,30.260187
1790,30.258121
1793,29.976045
1794,29.982843
1795,29.926372
1796,29.932308
1797,29.876302
1798,29.910834
1799,29.742360
18,44.399884
180,35.359552
1800,29.764017
1801,29.858901
1803,33.000022
1804,33.085143
1805,30.996276
1806,30.989263
1807,29.473055
1808,29.503033
1809,28.980674
181,34.778958
1810,28.825828
1813,29.117492
1814,29.156025
1815,29.109786
182,34.601845
1820,30.646452
1821,30.523233
1822,29.556858
1823,29.344083
1824,29.232731
1825,29.219541
1826,29.535215
1827,29.483640
1828,29.809827
1829,29.671672
183,34.254252
1831,29.854190
1835,29.256978
1836,35.624550
1837,31.749381
1838,31.763696
1839,31.781804
184,34.433648
1840,31.689895
1841,31.414144
1842,31.394393
1843,30.831443
1844,30.813584
1845,30.465336
1846,30.257413
1847,30.264698
1848,29.815664
1849,29.856054
185,34.928238
1850,29.904419
1851,29.777883
1852,29.573119
1853,29.865721
1855,35.800896
1856,35.717244
1857,35.369289
1858,34.956063
1859,34.867631
186,35.016473
1860,34.985091
1861,35.512720
1862,36.754611
1865,40.048396
1866,28.427897
1868,38.526810
1869,37.748722
187,34.578148
1870,37.362101
1875,36.703904
1876,36.839626
1877,35.681283
1878,35.720444
1879,34.695752
188,34.588487
1880,35.261900
1881,34.157225
1882,34.328072
1883,34.121016
1884,34.131495
1886,38.158797
1887,39.085159
189,34.946938
1890,35.487123
1891,29.182979
18927,38.918184
18928,38.968885
1893,39.646267
1894,39.639843
1895,37.855691
1896,37.196046
1897,37.585345
1898,37.086346
1899,37.636303
19,44.392953
190,35.479320
1900,36.650657
1901,37.132999
1902,36.453723
1903,36.167139
1904,35.766952
1905,35.943060
1906,35.838357
1907,36.046594
1908,35.862759
1909,35.972006
191,36.055137
1910,35.859674
1911,35.916580
1912,36.355021
1913,36.356605
1914,36.599468
1915,35.856733
1916,35.698452
1917,33.852489
1918,38.996045
1919,38.303870
192,36.351151
1920,38.672083
1921,38.377242
1922,38.112055
1923,37.962852
1924,36.859406
1925,36.991625
1926,33.394097
1927,32.829874
1928,32.075084
1929,32.497134
193,36.942862
1930,32.020131
1931,31.271775
1932,31.257454
1933,30.865802
1934,30.926511
1935,32.815386
1936,33.184153
1938,33.826122
1939,33.960729
194,38.387858
1940,35.486300
1941,34.196206
1942,34.204684
1943,34.143064
1944,34.152691
1945,34.092157
1946,34.058504
1947,33.846281
1948,33.804670
1949,33.407959
195,38.414592
1950,33.337476
1951,32.783252
1952,32.675700
1953,31.756287
1955,30.868657
1957,30.315293
1958,29.765320
1959,29.184459
1960,28.500444
1961,28.818040
1962,29.472057
1963,30.441916
1964,31.858182
1965,31.148170
1966,31.260517
1967,31.011247
1968,30.985652
1969,30.686724
1970,30.708496
1971,31.272806
1973,32.115024
1976,33.169950
1977,31.810616
1978,31.830726
1979,32.789928
1980,32.888513
1981,32.786424
1983,32.278381
1984,31.957547
1985,29.534500
1988,30.632645
1989,29.502669
199,34.820192
1990,29.492646
1991,29.446177
1992,29.299342
1993,29.333117
1994,29.222176
1995,28.898935
1996,28.939772
1997,28.993466
1998,28.993189
1999,28.832281
2,43.351561
20,44.378942
2000,28.843662
2001,29.196621
2004,40.437497
2006,39.249845
2007,37.877701
2008,38.044032
2009,36.508921
2011,35.508870
2013,34.736184
2014,34.380444
2015,33.702988
2016,33.697534
2017,33.429666
2018,33.329237
2020,32.910249
2021,32.853972
2022,33.063622
2024,35.201569
2025,35.175074
2026,35.477133
2027,34.738201
2029,33.279691
203,36.853793
2030,33.465319
2033,31.521310
2034,31.702407
2035,30.815347
2036,30.877230
2037,30.486168
2038,30.504488
2039,29.940370
204,36.833829
2040,29.862616
2041,29.702737
2042,29.472599
2043,29.737649
2044,35.250233
2045,33.995599
2046,32.668735
2047,32.852970
2048,31.821926
2049,31.984232
205,36.761081
2050,31.244205
2051,31.315959
2052,30.974770
2053,30.982038
2055,31.234277
2056,40.447794
2057,32.471879
2058,32.528419
2059,32.991670
206,36.796801
2061,33.076508
2062,35.021026
2063,32.894149
2064,32.636709
2065,32.656077
2066,32.186019
2067,32.144517
2068,30.966617
2069,30.969965
207,37.028010
2070,30.192017
2071,30.283918
2072,29.804724
2073,29.901362
2074,29.652233
2075,29.472106
2076,29.491707
2077,29.383492
2078,29.380057
2079,29.327226
208,36.955519
2080,29.323091
2081,29.382475
2082,29.370749
2083,29.527949
2084,29.446660
2085,29.479343
2086,29.489259
2087,29.532464
2088,29.571689
209,37.036577
2091,33.058138
2094,32.948313
2095,31.292002
2096,30.911097
2097,30.421663
2098,30.394041
2099,29.860113
21,44.149755
210,37.111556
2100,29.873599
2101,29.645505
2102,29.661743
2103,29.607710
2104,29.602691
2105,29.534827
2106,29.274468
2107,29.285570
2108,33.441594
2109,29.281048
211,37.160099
2111,36.451049
2112,29.901886
2113,28.958672
2114,28.886139
2115,38.974549
2116,36.472668
2118,33.155272
2119,32.724326
212,36.118402
2120,32.338812
2121,32.044464
2122,32.504217
2123,32.963009
2124,31.243868
2125,31.061451
2126,31.088602
2127,30.890107
2128,30.915576
2129,31.411117
213,35.913506
2130,31.319531
2131,38.070894
2132,37.616386
2133,36.907610
2134,37.288277
2135,36.937498
2136,37.890505
2137,37.918969
2138,38.028756
2139,37.970628
214,35.469347
2140,37.674472
2141,37.739203
2142,37.629254
2143,37.653516
2144,37.370979
2145,37.323526
2146,37.492330
2147,37.271920
2148,37.157420
2149,37.093738
215,36.353918
2150,37.435528
2151,37.516408
2153,37.829740
2154,37.424174
2155,37.377319
2156,37.164141
2157,37.115069
2158,36.017526
2159,36.156632
216,36.523887
2160,34.840464
2161,34.888688
2162,33.612950
2163,33.763438
2164,33.228216
2165,33.161536
2166,33.291132
2167,33.382275
2168,32.222577
2169,32.643482
217,35.643509
2171,42.137135
2172,41.908218
2173,41.817888
2174,38.230388
2175,38.505711
2176,34.770606
2177,34.625221
2178,34.687156
2179,30.889310
218,35.471156
2180,30.903842
2181,31.027055
2182,31.016432
2183,31.178248
2184,32.954344
2185,33.088418
2186,32.976784
2188,32.677067
2189,32.884007
219,35.510135
2190,32.420214
2191,32.626781
2192,32.259852
2193,32.197415
2194,31.543113
2195,31.830489
2196,31.274413
2197,31.221044
2198,30.594695
2199,30.611200
22,43.575397
220,35.383128
2200,30.352144
2201,30.403530
2202,30.121410
2203,30.142409
2204,29.551827
2205,29.247274
2206,29.172426
2207,29.215546
2208,29.433888
2209,29.797992
221,35.318994
2210,31.622881
2211,31.620029
2212,32.283147
2213,32.268510
2214,36.263157
2215,37.656706
2216,37.812594
2217,37.719311
2218,37.923733
2219,38.027871
222,35.271609
2220,38.092423
2221,37.887148
2222,38.011486
2223,37.312694
2224,37.471023
2225,38.960315
2226,38.799444
2227,39.485412
2228,39.576899
2229,39.741711
223,35.216529
2230,39.885922
2232,39.494767
2233,38.737246
2234,38.823829
2236,37.445888
2238,36.998940
2239,36.763063
224,34.726931
2240,36.923469
2241,36.041033
2242,36.170178
2243,35.156831
2244,35.398989
2246,36.205261
2248,37.779425
225,34.484354
2250,36.963434
2252,34.810791
2253,33.400549
2254,33.406166
2255,32.737774
2256,32.710668
2257,32.262722
2258,32.189722
2259,32.067173
226,34.181103
2260,32.073369
2261,32.375905
2262,32.020308
2263,30.381351
2264,30.219024
2265,30.428244
2266,30.565030
2267,31.848228
2268,30.277156
2269,30.055670
227,33.961014
2270,30.091634
2271,29.875990
2272,29.902323
2273,29.852920
2274,29.885224
2275,29.670699
2276,29.683321
2277,29.699419
2278,31.055182
2279,30.779761
228,33.109949
2280,29.437412
2281,29.476778
2282,29.276740
2283,29.275510
2284,29.102801
2286,29.145973
2287,29.120517
2288,29.183061
2289,29.175775
229,33.291694
2290,29.165439
2291,29.170701
2292,29.114882
2293,29.040465
2294,29.292673
2296,35.752150
2298,32.873220
23,34.476164
230,32.938772
2301,33.086665
2302,31.484551
2303,31.551945
2304,35.279876
2305,31.578239
2306,31.488207
2307,35.401570
2308,34.794597
2309,34.514744
231,32.968340
2310,31.405243
2311,31.352226
2312,31.733099
2313,31.758875
2316,31.599152
2317,31.968213
2318,32.809480
232,32.980446
2320,32.486653
2321,31.880897
2322,31.420921
2323,30.815371
2324,31.321952
2325,30.691701
2326,31.109837
233,33.005801
2330,32.371578
2331,32.371492
2332,32.373095
2333,32.376846
2334,32.610987
2335,32.611985
2336,32.903478
2337,32.858580
2338,29.284762
2339,29.278481
234,33.053992
2340,29.177350
2341,29.222920
2342,29.209391
2343,29.197837
2344,29.339753
2345,29.308387
2348,29.515244
2349,29.512501
235,33.083245
2350,29.398308
2351,29.366737
2352,29.077888
2353,29.059277
2354,29.221186
2355,33.453693
2356,33.384171
2357,33.548995
2358,33.440842
2359,33.162691
236,33.223445
2360,33.166047
2361,33.041664
2362,32.346174
2363,32.320917
2364,32.217493
2365,34.050011
2366,34.021974
2367,33.318124
2369,35.056540
237,33.323141
2370,33.996168
2371,36.454533
2372,35.068842
2373,33.819112
2374,32.118760
2376,32.663670
2377,32.732651
2378,32.581682
2379,32.302947
2380,32.599157
2381,32.721899
2383,36.276129
2384,36.271438
2385,35.686435
2386,34.914960
2388,36.543405
2389,34.207492
239,33.165896
2390,34.419616
2391,34.404595
2392,34.675899
2393,34.467189
2394,35.110763
2395,35.101332
2396,34.405937
2397,34.471731
2398,34.049730
2399,33.956346
24,29.263338
240,32.587927
2400,34.150411
2401,34.100012
2402,33.810561
2403,33.807294
2405,33.064180
2406,32.162361
2407,32.259506
2408,30.876979
2409,31.940967
241,32.590828
2410,31.523052
2411,31.856827
2412,31.166765
2413,32.356562
2414,31.849818
2415,30.761326
2416,30.508682
2417,34.642744
2418,34.707925
2419,36.009164
242,31.889170
2420,34.304612
2421,33.103330
2423,33.808251
2424,33.975294
2425,33.973310
2426,33.880502
2427,33.884371
2428,33.716365
2429,33.704822
243,31.783278
2430,33.481311
2431,33.516524
2434,33.185140
2436,33.094220
2437,33.090357
2438,33.018716
2439,32.665211
244,30.659840
2440,32.721032
2441,32.713529
2442,32.723206
2443,32.701319
2444,32.625613
2445,32.716206
2446,32.710791
2447,32.711551
2448,32.775975
2449,32.821605
245,30.570561
2450,32.803191
2451,32.747817
2452,32.677069
2453,32.333000
2454,32.396960
2455,32.661344
2456,32.030664
2457,31.947506
2458,31.441615
2459,31.378732
246,30.105211
2460,31.730615
2461,31.718206
2462,31.554997
2463,31.538400
2464,33.057885
2465,33.123803
2466,33.249592
2467,33.251616
2468,33.231082
2469,33.222734
247,30.132730
2470,33.150185
2471,33.194758
2472,33.170570
2475,32.831564
2476,33.147532
2477,32.298000
2478,32.268066
248,29.871489
2480,35.215612
2481,35.271344
2482,35.339900
2483,29.118007
2484,29.711769
2485,29.754365
2486,29.341759
2489,29.915784
2491,30.232809
2495,32.020061
2498,31.736880
250,29.574131
2503,34.517882
2504,34.538486
2505,35.168095
2506,36.357769
2507,36.357573
2508,36.598121
2509,36.969572
251,29.752985
2510,36.955300
2511,36.467626
2512,35.679658
2513,34.766067
2514,31.068759
2515,31.210199
2516,30.532222
2517,30.633553
2518,29.954513
2519,30.065903
252,29.573212
2520,29.197527
2521,29.130810
2522,29.056075
2523,29.000781
2524,29.038830
2525,29.024400
2526,28.751953
2527,28.802918
2528,28.666225
2529,28.659033
253,29.232983
2530,28.658378
2531,28.686139
2532,28.808589
2533,28.736375
2535,31.352264
2536,32.518378
2537,32.618713
2538,33.241645
2539,33.678245
2540,33.276569
2541,33.507709
2542,30.760657
2543,33.467289
2547,33.306279
2548,33.443511
2549,33.325959
255,37.336803
2550,33.323747
2551,33.182423
2552,33.222278
2553,32.908649
2554,32.216812
2555,32.205037
2556,31.744613
2557,31.752090
2558,31.121538
2559,40.664547
256,29.110187
2560,29.904063
2561,32.536814
2562,32.522545
2563,32.689568
2564,32.702562
2565,32.824699
2566,32.735692
2568,32.235357
2569,31.535410
257,29.131927
2570,31.403979
2571,33.756382
2572,31.056986
2573,33.243716
2574,30.609981
2575,30.339619
2576,29.921638
2577,29.386557
2578,29.457622
2579,29.578702
258,29.262912
2580,30.008135
2581,29.616569
2582,29.584890
2583,29.593916
2584,29.385120
2585,29.411378
2586,29.216997
2587,29.207027
2588,36.750677
2589,34.916674
259,29.255541
2590,35.959044
2591,33.351220
2592,33.404969
2593,34.214462
2595,38.754591
2596,33.451764
2597,38.503809
2598,40.495632
2599,40.404376
260,29.574923
2600,41.344221
2601,41.431967
2602,40.987257
2603,31.298429
2604,28.988477
2605,30.449434
2606,29.926989
2607,29.465840
2608,29.539100
261,29.567146
2610,28.774943
2611,29.369922
2612,30.107511
2613,29.943434
2614,28.009696
2615,28.046482
2616,28.184833
2617,28.248461
2618,28.432962
2619,28.135928
262,29.857978
2620,28.215918
2621,28.466549
2622,28.012069
2623,28.025403
2626,31.809247
2627,31.722178
2628,31.417495
2629,31.439492
263,29.817454
2630,31.205654
2631,31.251404
2632,31.304906
2633,31.349155
2635,31.296409
2636,31.596537
2637,32.123185
2638,32.352654
264,30.065267
2640,31.854705
2641,32.224954
2642,32.200125
2643,32.173729
2644,31.493018
2645,31.390968
2646,29.157334
2647,34.991207
265,29.909198
2651,35.084182
2653,33.052357
2654,32.941165
2655,32.377930
2656,32.000916
2657,31.916336
2658,32.957887
2659,33.627084
266,37.054957
2660,35.095147
2661,36.118104
2662,32.026219
2663,32.122070
2664,32.251769
2666,32.351955
2667,32.278855
2668,32.265931
2669,32.224924
2670,32.297538
2671,32.216393
2672,32.442484
2673,32.466412
2674,32.691525
2675,32.540718
2676,32.707224
2677,32.683699
2678,32.511173
2679,32.457975
268,35.484928
2680,32.458338
2681,32.438331
2682,32.407728
2683,32.395779
2684,32.306967
2685,32.332453
2686,32.372599
2687,32.379699
2688,32.457938
2689,32.355933
269,29.041945
2690,32.827574
2691,32.777421
2693,35.928475
2694,36.010952
2695,36.496961
2696,37.542292
2697,37.501903
2698,38.519211
270,29.066399
2700,37.289555
2701,37.237601
2702,35.520803
2703,37.555061
2704,34.076242
2705,33.948741
2706,33.992981
2707,34.006410
2709,34.359171
271,29.026765
2710,34.443654
2711,40.501134
2712,34.872292
2713,34.518613
2714,29.960733
2715,29.905781
2716,29.676890
2717,29.692685
2718,29.627862
2719,29.749524
272,28.891394
2720,29.725941
2721,29.706155
2722,29.320813
2723,29.279163
2724,29.222079
2725,29.223758
2726,29.510490
2727,29.505745
2728,29.177293
2729,29.163064
273,34.944744
2730,29.167055
2731,29.199558
2732,34.472902
2733,33.194970
2734,29.744212
2735,29.582142
2736,29.253639
2737,29.246023
2738,29.091691
2739,29.023851
2740,28.937117
2741,29.044637
2742,29.060427
2743,29.010051
2744,29.358147
2745,29.314094
2746,36.441630
2747,29.518280
2748,29.783280
2749,32.755140
2750,32.996916
2751,33.708223
2752,34.810384
2753,36.872245
2756,33.380144
2757,32.694279
2758,32.582780
2759,31.989130
276,32.125756
2760,32.139265
2761,31.225079
2762,31.189753
2763,30.544592
2764,30.690455
2765,29.744015
2766,29.759331
2767,29.410450
2768,29.419406
2769,30.004845
2770,30.057744
2771,31.240967
2772,31.091768
2777,37.118458
2778,34.606084
2779,34.828015
278,40.050767
2785,36.548911
2786,36.591566
2787,33.872244
2788,34.052399
2790,33.779569
2791,33.639334
2792,32.265180
2793,31.060283
2794,31.226137
2795,30.274790
2796,30.227429
2797,30.950838
2798,30.967799
2799,30.924009
28,36.263922
280,38.890882
2800,35.866604
2801,31.164361
2802,31.193808
2803,30.638550
2804,30.607861
2807,30.871820
2808,30.864527
2809,29.667631
281,38.898989
2810,30.775182
2811,30.781045
2812,30.802634
2813,30.787553
2814,30.904253
2815,30.925209
2816,30.834527
2817,34.244024
2818,32.697885
2819,32.999472
282,38.682209
2820,34.212874
2821,34.228081
2822,33.938133
2823,33.921194
2824,29.643209
2825,29.657142
2828,29.795575
2829,29.745662
283,38.542868
2830,30.046058
2831,30.092490
2832,29.892776
2833,29.891492
2835,30.291000
2836,30.882778
2838,30.206594
2839,31.551952
284,38.672765
2840,30.861140
2841,30.525286
2842,30.458630
2843,31.855219
2844,31.926478
2845,32.175913
2846,32.244609
2847,31.551475
2848,31.921110
2849,30.981261
285,38.515580
2850,31.331007
2851,30.986072
2852,30.974302
2855,31.020805
2856,31.111750
2857,31.156991
2858,31.078388
2859,31.231132
286,39.662159
2860,32.093604
2861,29.533961
2862,32.682722
2863,30.791253
2864,32.854004
2868,30.189503
2869,30.085614
287,39.539542
2870,31.712471
2871,31.895808
2872,32.460662
2873,31.055859
2874,30.835202
2875,30.607282
2876,31.846511
2877,31.592926
2878,35.479033
2879,34.817754
288,40.648673
2880,32.116837
2881,32.172814
2882,31.126183
2883,31.073864
2884,30.155620
2885,30.166461
2886,29.557442
2887,29.547667
2888,29.343507
2889,29.352041
289,36.448101
2890,29.697233
2891,29.683751
2892,30.165185
2894,30.366804
2895,31.960685
2896,30.557702
2897,30.924834
2899,30.505742
29,36.279345
2900,31.153814
2901,30.779000
2903,35.189721
2904,35.954647
2905,30.963209
2906,30.883621
2907,30.599555
2908,30.639056
2909,31.835874
2910,32.058688
2911,31.431832
2912,31.339201
2916,31.314350
2917,31.291373
2918,31.700078
292,28.911492
2920,32.246779
2921,32.323676
2922,32.866314
2923,32.865563
2924,32.904266
2925,32.857480
2926,32.309691
2927,32.260369
2928,32.176762
2929,31.751796
293,36.890696
2930,31.608810
2931,31.464032
2932,31.412269
2933,30.814503
2934,29.438071
2935,32.341167
2936,30.185175
2937,30.344753
2938,30.669611
2939,30.769308
294,36.837965
2940,31.551322
2941,31.687977
2942,31.945628
2943,31.489330
2944,33.587110
2945,32.998048
2946,33.208315
2947,33.001617
2948,33.034767
2949,32.933812
295,37.730682
2950,33.101757
2951,31.952333
2952,31.966591
2953,32.258899
2954,32.323782
2955,32.539048
2956,32.813156
296,37.724410
2960,31.575625
2961,30.763077
2962,29.577413
2964,29.045883
2965,29.024078
2966,33.390584
2967,38.383320
2968,31.411607
2969,29.519128
297,37.644826
2970,31.099629
2971,29.578747
2972,29.723629
2973,29.536659
2974,29.696845
2975,33.311246
2976,33.362370
2977,33.407565
2978,30.468452
2979,30.471223
298,37.592521
2980,29.951632
2981,29.945410
2982,29.889501
2983,29.885909
2984,29.976096
2985,29.925448
2986,30.585543
2987,30.825480
2988,30.826349
299,37.147583
2990,30.545237
2991,30.552188
2992,30.638794
2994,33.707897
2996,31.298195
2997,31.292518
2999,31.635014
3,39.856622
30,36.502435
300,36.408173
3000,31.652467
3002,31.863110
3003,32.110683
3004,32.116836
3005,32.442406
3006,31.915939
3007,31.931013
3008,31.671044
3009,31.537195
3010,31.229786
3011,31.228987
3012,30.633990
3013,30.615603
3016,29.765556
3017,29.834396
3018,29.725621
3019,29.757550
302,35.644352
3020,30.367744
3021,29.436631
3022,30.183306
3023,29.291775
3026,29.215474
3027,29.190746
3028,29.636882
3029,29.151324
303,35.728333
3030,29.118892
3031,29.181845
3032,33.267564
3033,33.225530
3034,33.213234
3035,29.119014
3036,33.023239
3037,33.013041
3038,32.969116
3039,32.938157
304,34.308147
3040,32.801586
3041,32.778959
3042,29.093698
3043,32.855615
3044,32.647561
3045,32.452540
3047,35.889157
3048,31.240596
305,34.591633
3050,31.347444
3051,31.349604
3054,32.144782
3055,32.059336
3056,32.390889
3057,32.594930
3059,32.234991
306,33.631430
3060,33.252538
3061,33.192880
3062,33.300016
3063,32.474664
3064,32.478854
3065,32.328493
3066,32.066976
3067,31.907764
3068,31.728338
3069,32.005111
307,33.611573
3070,31.936766
3071,31.642780
3072,31.655842
3073,31.348316
3074,31.351905
3075,28.801504
3076,31.171681
3077,30.844467
3078,30.851494
3079,30.419640
308,33.354352
3080,30.427348
3081,30.021141
3082,29.583071
3083,29.949778
3084,28.993680
3085,29.059055
3086,29.017916
3087,30.424803
3088,30.547978
3089,31.354174
309,33.172420
3090,31.509918
3091,31.256378
3092,32.265549
3093,32.247858
3096,31.701814
3097,31.657388
3099,30.768085
31,36.445324
310,32.984369
3100,30.627171
3101,29.770534
3102,29.733135
3103,29.678978
3104,29.607847
3105,32.147787
3108,34.023026
311,32.920744
3110,35.868799
3111,35.801520
3112,35.837901
3113,35.749358
3114,35.763868
3115,35.922510
3116,35.938777
3119,34.026439
312,32.799269
3120,34.295570
3121,29.550943
3122,29.542602
3124,27.940480
3125,33.988547
3126,33.334947
3127,31.876712
3128,31.911862
3129,32.301459
313,32.631346
3130,32.273668
3131,33.119224
3132,33.077200
3133,32.580223
3134,33.231396
3135,33.434849
3136,33.404661
3139,29.656544
314,37.270928
3140,29.967572
3141,29.715115
3142,29.720167
3144,30.302505
3145,30.321593
3147,29.801965
3148,30.054926
3149,27.975016
315,28.661475
3150,27.765406
3152,28.855857
3154,28.413275
3156,33.358192
3157,33.351245
3158,33.544089
316,40.824525
3160,33.666200
3163,33.567136
3165,33.278560
3166,33.260927
3167,32.142015
3168,32.169365
3169,32.813882
317,38.745728
3170,32.606251
3171,28.597825
3172,30.341151
3173,30.209337
3174,30.741447
3175,30.514703
3176,30.542919
3177,30.221731
3178,30.080876
3179,31.451372
3180,31.278540
3181,32.307958
3182,32.495609
3183,32.459985
3184,32.581237
3185,32.556348
3186,32.274332
3187,31.431355
3188,29.841209
3189,28.856754
3190,30.989875
3191,30.434727
3192,32.139309
3193,30.175961
3194,30.182284
3195,30.072918
3196,29.992722
3197,29.991656
3198,29.905429
3199,29.872406
32,36.021518
320,33.635379
3200,30.013781
3201,31.298437
3203,28.293591
3204,29.212462
3205,27.463791
3206,28.459896
3207,28.532007
3208,30.740305
3209,29.794679
321,33.614933
3210,29.721205
3211,30.285677
3212,30.333117
3213,29.624238
3214,29.190820
3215,30.791097
3216,30.830721
3217,30.907851
3218,30.910115
3219,35.442476
322,33.285992
3220,30.875089
3221,30.663133
3222,30.337527
3223,31.687609
3224,32.237232
3225,32.193625
3226,31.275804
3227,31.398301
3228,30.035231
3229,29.579423
323,33.293414
3230,29.438524
3231,29.884215
3232,30.782540
3233,31.837164
3234,31.682856
3235,31.303049
3236,31.299104
3237,30.473713
3238,35.869480
3239,35.874280
324,33.014633
3240,35.311551
3241,30.942303
3242,30.798123
3243,30.849862
3244,30.680439
3245,30.631990
3246,30.633124
3247,30.305104
3248,30.256508
3249,30.278049
325,32.944954
3250,30.419076
3251,36.134992
3252,32.813873
3253,32.277181
3254,30.188311
3255,27.261677
3256,30.088694
3257,28.319835
3258,29.919229
326,32.541433
3260,29.919138
3261,29.503019
3264,30.241914
3265,30.223934
3266,30.988696
3267,30.043946
3268,30.234574
3269,30.452198
327,31.691680
3270,30.284800
3271,30.433452
3272,30.590464
3273,34.128386
3274,34.130714
3276,34.482645
3277,34.663068
3278,34.316546
3279,31.574964
328,31.658450
3280,33.446378
3281,33.818690
3282,34.400000
3283,34.098500
3284,33.952994
3285,33.986736
3286,33.987320
3287,29.604060
3288,28.280476
3289,28.278207
329,32.099155
3290,28.715158
3291,28.714089
3292,33.723102
3293,29.870454
3294,33.015014
3295,32.269391
3296,34.657281
3297,30.518212
3298,30.501363
3299,30.274666
33,36.130714
330,31.964570
3300,30.143179
3301,30.120533
3302,29.718370
3303,29.662179
3304,29.691301
3305,29.654107
3306,30.105543
3307,30.002450
3308,30.463336
3309,30.423522
331,32.715006
3310,30.387257
3311,30.366539
3312,29.479412
3313,30.281934
3314,32.961117
3315,32.793252
3316,32.798814
3317,31.814453
3318,31.796632
3319,31.024435
332,28.609075
3320,30.993796
3321,30.632571
3322,30.570870
3323,30.137745
3324,30.208442
3325,29.649277
3326,29.612668
3327,30.476883
3328,30.598607
3329,32.966625
3330,32.370722
3331,32.134080
3332,31.825608
3333,31.786375
3334,29.177164
3335,28.815819
3336,29.040805
3337,29.109274
3338,29.125413
3339,29.019343
334,33.250952
3340,29.032039
3341,28.991801
3342,28.826968
3343,29.048554
3344,29.015170
3345,29.283966
3346,29.271264
3347,31.365358
3350,29.433657
3351,29.404152
3352,29.170189
3353,28.962226
3354,29.586516
3355,30.035763
3356,30.020122
3357,31.843685
3359,30.665944
336,33.280245
3360,30.117012
3365,29.108042
3366,28.998203
3367,30.740791
3368,32.673647
3369,32.745644
337,33.418551
3371,32.855785
3373,38.558583
3374,38.270898
3375,38.255945
3376,37.901331
3377,37.687403
3378,37.300640
3379,37.273763
338,33.389170
3380,35.913841
3381,36.047582
3382,36.428466
3383,36.380074
3384,35.922730
3385,35.734267
3386,31.724886
3387,35.542287
3388,35.665471
3389,36.725342
3391,31.484060
3392,28.761886
3393,28.760040
3394,31.422614
3398,31.182852
3399,32.112420
34,36.465689
340,33.322564
3403,30.581165
3404,30.507536
3405,30.546594
3406,31.189265
3407,32.692308
3408,29.174643
3409,29.341468
341,33.160243
3411,40.717948
3413,29.971025
3414,29.998442
3415,29.987551
3418,30.058263
342,33.142477
3421,28.637348
3423,35.092928
3424,31.754944
3425,31.681597
3426,31.247690
3427,33.721695
3428,33.848324
3429,36.515009
343,33.097391
3430,36.462595
3431,36.109441
3432,35.555651
3433,35.510077
3434,35.417160
3435,34.648295
3436,34.762311
3437,34.395327
344,33.033737
3440,38.516522
3441,38.505553
3443,39.327781
3444,39.306803
3445,38.303733
3447,39.073407
3448,32.410288
3449,35.238107
345,32.594070
3450,39.468265
3451,40.646728
3452,44.200156
3453,44.202736
3454,44.159178
3455,44.162948
3456,44.187949
3457,44.179689
3458,44.168350
3459,44.172698
346,32.659850
3460,43.989077
3461,43.978402
3462,43.769556
3463,43.767740
3464,31.924717
3465,30.893698
3466,39.974443
3467,39.971589
3468,39.811911
3469,39.838284
347,32.389071
3470,39.874682
3471,39.834845
3472,43.150823
3473,43.149949
3476,42.976383
3477,42.974694
3478,42.241890
3479,42.985488
348,32.394528
3481,30.803380
3482,31.235225
3483,44.309770
3484,31.288631
3485,44.360595
3486,30.755229
3487,44.334605
3488,30.793343
3489,44.308203
349,31.912903
3490,31.165400
3491,44.337395
3492,42.943302
3493,37.872631
3494,30.868624
3495,29.177018
3496,29.206912
3497,29.221312
3499,30.690850
35,36.329980
350,32.286008
3500,33.546683
3501,30.633913
3504,29.528510
3505,30.114297
3506,32.338053
3507,32.366133
3508,30.663926
3509,30.791945
351,31.796522
3510,30.990755
3513,33.292690
3514,34.318346
3516,34.526246
3518,34.968163
352,31.807783
3524,35.766652
3526,35.918434
3527,35.960055
3528,35.780696
353,31.325988
3530,30.951282
3531,30.791456
3533,32.809537
3534,33.510642
3535,31.992920
3536,29.620233
3537,28.782015
3539,30.954853
354,31.031412
3540,30.923079
3542,31.010929
3544,29.993079
3545,29.947709
3546,29.933342
3547,29.924444
3548,30.112568
3549,30.112426
355,30.507811
3550,29.894732
3551,29.793542
3552,30.378263
3553,30.271968
3554,30.770569
3555,38.616624
3556,29.994126
3558,30.664525
3559,31.112107
356,30.475825
3560,29.190968
3561,32.081823
3562,31.082657
3563,34.505117
3565,33.617475
3566,30.138610
3567,30.014862
3568,36.065764
3569,30.575456
357,29.916437
3570,37.850157
3571,35.428723
3572,35.294044
3573,30.285346
3574,30.610639
3575,34.098120
3576,32.658358
3578,29.953219
3579,29.977599
358,29.886650
3580,30.089648
3581,30.093439
3582,29.597424
3583,29.559567
3584,32.480814
3585,32.271878
3586,35.668833
3587,35.733766
3588,38.285304
359,28.768429
3592,30.793026
3593,33.286563
3594,31.703604
3596,30.566117
3597,30.073371
3598,29.816573
3599,30.667563
36,36.671800
360,28.809074
3600,35.532794
3601,35.378607
3602,29.731218
3603,29.754463
3604,29.764511
3605,29.587197
3606,29.590938
3607,29.521491
361,28.390321
3610,28.967917
3611,29.040632
3614,28.495236
3615,28.505430
3616,31.882385
3617,31.778258
362,28.341778
3620,33.949853
3621,34.378678
3622,34.646843
3623,34.697453
3624,32.993705
3625,32.427261
3626,30.827109
3627,32.478491
3628,31.089904
3629,36.609528
363,28.108273
3630,30.910376
3631,29.306855
3632,29.094233
3633,29.114601
3634,33.504734
3635,33.494112
3636,29.040316
364,28.086683
3640,30.984446
3641,39.422229
3644,31.324179
3648,29.950756
3649,32.710952
365,27.982356
3657,30.928160
3658,28.881644
3659,32.842459
366,28.002206
3660,32.822731
3661,28.938014
3662,32.588532
3663,28.864811
3664,30.105971
3665,29.715860
3668,39.120574
367,27.988793
3670,29.787507
3671,28.783946
3672,34.929083
3673,34.913830
3674,35.210927
3676,35.470940
3677,35.472987
3678,35.537894
3679,35.511410
368,27.922567
3682,33.972085
3683,33.929077
3684,32.167419
3685,32.488399
3686,38.431434
3687,35.864021
3688,35.862260
3689,40.645575
369,27.766806
3698,40.586791
3699,31.840623
37,36.727111
370,27.774680
371,27.732695
3718,31.029563
372,27.649602
3720,31.645112
3726,32.143848
3727,31.146503
373,27.899816
3733,30.422552
3734,29.668346
3735,31.190513
3736,28.940178
3738,39.191299
3739,37.695564
374,27.950153
3740,32.091712
3741,31.126876
3749,36.079202
375,27.988044
3752,28.982066
3753,28.475400
3756,35.523664
3758,29.197891
3759,36.338134
376,31.159613
3761,36.283371
3763,28.698879
3765,28.474513
3766,28.404869
3767,28.422827
3768,28.777339
3769,28.827271
377,31.198185
3770,28.538631
3771,28.575345
3772,28.502815
3773,28.521729
3774,28.552946
3775,28.572882
3776,28.702647
3778,29.071098
378,31.310284
3787,28.735166
3789,28.664637
379,31.327946
3790,28.512455
3791,28.644010
3792,28.577718
3793,28.752674
3794,28.523816
3795,28.502564
3796,28.515790
3797,28.492072
3798,44.363484
38,36.646651
380,32.179731
3805,28.416132
3807,37.340596
3808,27.722994
3809,27.720396
381,32.501951
3810,27.695387
3811,35.934814
3812,31.425599
3813,31.373740
3814,32.149420
3815,32.166011
3817,29.320518
3818,29.302765
3819,34.159555
3820,34.167560
3821,30.553880
3822,32.264897
3823,34.222660
3824,34.071124
3826,34.641010
3827,27.617621
3828,27.741086
3829,36.450868
383,34.966868
3833,27.818108
3834,27.812985
3835,27.634535
3836,27.613906
3837,27.393113
3838,27.432085
384,34.966875
3840,38.593599
3844,33.944834
3847,28.401858
3848,28.409916
3849,28.320262
385,34.592916
3850,28.326011
3851,29.465501
3853,29.612282
3854,29.615230
3855,29.936812
3858,31.151730
3859,29.088769
386,34.514344
3860,29.110182
3861,37.753693
3862,36.116891
3863,37.769591
3868,29.447681
3869,28.750937
387,33.970276
3870,28.520051
3872,28.918737
3873,28.528951
3874,28.631221
3875,28.219070
3876,28.232225
3877,31.459565
3878,30.180583
388,33.852814
3880,30.208013
3881,28.049369
3882,27.978066
3883,29.680899
3884,28.941625
3885,28.824900
3886,29.077558
3887,29.258362
3888,29.246517
3889,29.129534
389,33.605023
3890,29.126614
3891,29.468001
3892,29.616808
3893,29.616044
3894,30.146120
3895,33.912042
3898,32.517617
3899,31.110511
39,36.676625
390,33.485877
3900,31.118650
3901,31.126602
3902,28.968527
3903,33.338168
3906,33.376180
3907,35.733379
3908,32.215512
3909,32.991661
391,32.716768
3910,34.130782
3912,33.001859
3913,31.179811
3914,33.490336
3915,33.561790
3916,33.586934
3917,33.489861
3918,31.825087
392,32.798622
3920,31.518033
3921,31.729853
3922,32.065406
3923,31.848419
3924,32.550721
3925,31.621636
3926,32.817772
3927,32.112546
3928,32.627455
3929,33.353369
393,31.492975
3932,32.448602
3933,32.916511
3935,30.134986
3936,31.612326
3937,35.734427
394,31.597810
3940,32.492250
3941,30.346196
3942,31.132606
3943,31.471065
3944,31.132083
3945,30.367320
3946,28.802071
3947,28.624356
3948,28.609966
3949,28.420141
395,30.197174
3950,28.209934
3951,28.080800
3952,28.086123
3953,28.246596
3954,28.264029
3955,28.525704
3956,28.537418
3957,28.877016
3959,29.609838
396,30.334798
3964,30.017034
3965,30.046644
3966,30.015748
3967,28.021795
3968,28.296506
3969,28.620848
397,29.854395
3970,28.281052
3972,28.268597
3973,28.238248
3975,28.720320
3976,28.711875
3977,28.547602
3978,28.458299
3979,28.266178
398,29.854832
3980,28.336893
3984,27.985712
3985,27.934164
3986,33.214807
3987,33.192775
3988,32.991965
3989,32.984925
399,28.419696
3990,32.683225
3991,32.615322
3992,32.539196
3993,32.503038
3994,32.520619
3995,32.464923
3996,35.847528
3997,34.434793
3998,34.386932
3999,34.605586
4,39.397576
40,30.504837
4000,34.610020
4001,35.053407
4002,35.020292
4003,35.203920
4004,35.185049
4005,35.759913
4006,35.753011
4007,36.323136
4008,36.060264
4011,28.020459
4012,28.048158
4013,28.026797
4014,27.702672
4015,27.530075
4016,26.677794
4017,26.726460
4018,28.074086
4019,30.800658
402,28.463696
4020,30.784703
4021,35.521457
4022,35.557341
4025,39.253718
4026,36.493519
4032,32.763911
4033,28.972838
4034,28.951740
4035,34.790231
4036,35.657181
4037,36.543614
4038,38.196034
4039,39.747843
4040,39.884755
4041,39.238592
4042,39.043167
4043,37.941745
4044,37.119334
4045,36.954506
4046,31.609744
4047,31.381263
4048,31.928593
4049,31.522514
405,36.527192
4050,25.929733
4051,25.444655
4052,39.321605
4053,32.122114
4055,39.614645
4056,38.768450
4057,33.553431
4058,37.895111
406,36.164054
4060,34.836106
4061,29.827025
4062,30.237003
4063,29.998509
4065,32.161062
407,34.059326
4070,34.809959
4071,29.021350
4073,29.035765
4074,29.051999
4075,29.066424
4076,29.048212
4077,35.228452
4078,33.330980
408,34.106946
4080,29.477705
4081,29.540537
4083,34.990591
4084,27.203151
4085,35.125791
4088,29.349279
409,34.047310
4090,28.904060
4091,27.715728
4092,28.001558
4093,26.772983
4094,40.150422
4096,40.121269
41,36.638380
410,33.394361
4100,29.227585
4101,29.630784
4102,28.778178
4103,28.809286
4105,29.165044
4108,40.327785
411,33.454709
4112,28.850634
4113,31.019314
4114,31.051741
4115,32.350712
4118,32.556212
4119,31.755595
412,35.547487
4120,31.725669
4121,31.258074
4122,31.217869
4123,30.764606
4124,31.428726
4129,39.782460
413,35.793563
4130,39.454095
4131,39.306089
4132,38.936407
4133,38.768216
4134,38.551895
4135,37.823484
4136,37.263936
4137,36.562279
4138,36.678909
4139,37.060760
414,35.230771
4140,37.499912
4141,38.055319
4142,38.368290
4143,38.842506
4144,39.459667
4145,39.629742
4147,34.933729
4149,30.454203
415,35.242563
4150,30.814979
4151,30.790360
4152,30.820798
4154,31.010689
4156,32.597432
4158,30.815220
4159,30.898414
416,36.281809
4162,30.525416
4163,30.504988
4164,30.551160
4165,30.498975
4166,30.280068
4167,30.266397
4168,30.215626
4169,30.214775
417,36.247512
4170,31.748948
4171,31.765404
4173,29.731627
4174,29.730509
4175,34.136746
4179,36.651529
418,37.268690
4180,29.107017
4181,31.393628
4182,31.412019
4183,31.239499
4184,31.189127
4185,29.645992
4186,29.175331
4187,26.708958
4188,26.702435
419,38.343027
4190,38.657502
4192,29.066900
4194,36.526101
4195,28.911106
4196,28.932823
4197,28.937215
4198,31.763962
42,36.693646
420,38.323713
4204,28.910411
4205,29.041914
4207,32.787955
421,38.362030
4210,28.950892
4213,32.510112
4217,34.567456
4218,31.108209
422,38.249369
4220,29.455594
4221,29.299470
4223,28.460773
4229,39.088048
423,41.027017
4230,29.067058
4232,36.516721
4233,36.491412
4234,36.397080
4235,36.418552
4237,30.896749
4238,30.881992
4239,33.041053
424,41.069540
4242,29.614461
4244,36.475346
4245,36.196154
4246,36.223849
4247,36.160976
425,41.608167
426,41.406438
4264,32.313409
4265,28.880970
4266,29.236018
4267,29.302695
4268,29.402136
4269,29.228596
427,41.031583
4270,30.495633
4273,32.900810
4274,33.019657
4278,32.146554
4279,29.026815
428,40.245773
4280,30.061713
4281,30.118831
4282,30.198995
4283,28.935453
4284,35.339340
4285,36.992327
4287,34.509791
4288,34.460940
4289,34.793586
4290,34.736155
4291,34.308797
4292,30.445139
4293,33.998076
4295,31.793504
430,39.131257
4301,30.211753
4303,31.030722
4306,33.331311
4307,42.949173
4308,43.303831
4309,42.293350
431,38.692871
4311,43.463690
4312,28.909648
4313,30.013043
4314,30.839832
4315,28.871415
4317,29.936064
4318,29.378616
4319,29.344570
432,38.258799
4320,29.343048
4321,29.829295
4322,30.293777
4323,32.738929
4324,32.243200
4325,32.743166
4326,30.105017
4327,30.177933
433,35.708891
4331,35.016121
4334,27.762593
4337,40.036412
4338,40.144485
434,36.675929
4340,35.464003
4341,29.098270
435,37.162511
4352,33.790423
4353,29.608850
4354,32.004475
4355,32.030141
4358,37.564391
4359,33.051615
436,37.195699
4360,33.038242
4361,31.869998
4362,31.734610
4363,31.846133
4364,29.554840
4365,31.276985
4366,30.290369
4367,28.988595
4368,28.839622
4369,31.964764
437,37.142440
4370,32.007782
4371,29.202493
4372,29.192162
4373,29.399552
4374,29.414799
4375,28.671583
4376,28.545349
4377,29.379682
4378,29.519868
4379,33.052796
438,37.313625
4380,32.912164
4381,35.399951
4382,28.319657
4383,32.187567
4384,32.148217
4385,34.586494
4386,36.631807
4387,32.137005
4389,29.095628
439,37.401052
4390,29.745742
4391,29.347622
4392,29.330983
4393,29.728958
4394,29.317803
4395,28.799837
4396,28.790204
4397,30.163371
4398,29.042293
4399,28.781755
440,37.390119
4400,28.940505
4402,30.840022
4403,30.739842
4404,30.793321
4405,30.809062
4406,25.837154
4407,28.976037
4408,28.970597
4409,28.870340
441,36.926286
4410,28.881550
4411,28.784231
4412,28.799252
4413,28.745954
4414,28.742841
4415,29.026126
4416,29.043811
4417,29.144484
4418,29.154567
4419,29.433086
442,37.274175
4420,29.356915
4421,29.597877
4423,30.784676
4424,30.767610
4425,31.100544
4426,31.080117
4427,31.795949
4428,33.930791
4429,33.381757
443,38.493964
4430,34.346394
4431,34.378408
4432,34.868431
4433,34.706446
4434,36.614404
4435,36.687509
4436,30.722278
4437,30.440332
444,39.165323
4441,29.377444
4442,29.378619
4443,29.114501
4444,29.124090
4445,29.071120
4446,29.077241
4447,28.843093
4448,28.845057
4449,28.692174
445,40.564613
4450,28.686458
4451,28.833857
4454,32.535415
4455,32.313960
4456,30.851395
4457,30.771824
4458,30.194324
4459,30.179192
446,40.322951
4460,29.964175
4462,32.179933
447,41.247098
4473,31.193861
4474,31.953549
4475,29.683844
4477,35.872469
4478,35.967599
4479,35.722482
448,41.631645
4481,32.163250
4482,26.379036
4484,31.256264
4485,31.192768
4486,30.515766
4488,28.791143
4489,28.814439
449,42.435625
4490,28.977844
4491,29.043209
4492,28.516412
4493,28.440498
4494,35.492243
4495,29.055633
4496,35.794398
4497,30.058351
4499,31.536585
45,36.676282
4500,31.879304
4501,28.361888
4502,28.408130
4503,28.366349
4504,29.411977
4505,29.599120
4506,28.276555
4507,28.925417
4508,29.085480
4509,28.852983
451,42.678579
4510,36.300446
4511,32.987499
4512,32.581120
4513,28.523108
4514,34.802085
4515,32.789548
4516,29.197101
4517,29.383321
4518,31.063312
4519,31.202158
452,42.529776
4520,32.485709
4521,38.097287
4522,29.113339
4523,29.102427
4524,34.240869
4525,34.226360
4528,32.219261
4529,30.551133
453,36.889495
4530,30.842822
4531,30.889219
4532,32.583828
4533,33.061244
4534,33.100890
4535,32.849155
4536,32.841600
4537,29.341937
4538,35.317803
4539,31.158278
4540,29.642427
4541,34.458479
4543,30.054999
4544,30.182054
4546,28.536580
4547,28.726067
4548,29.159626
4549,29.242654
455,37.017342
4550,31.220293
4551,31.212103
4552,28.382418
4555,28.394635
4556,28.377930
4559,28.876570
456,37.091823
4560,29.006964
4561,28.529927
4562,28.731240
4563,28.400053
4564,28.406765
4565,28.597545
4566,28.606714
4567,32.337790
4568,28.418592
4569,28.353608
457,34.454496
4570,28.432318
4571,28.430206
4575,28.125423
4576,29.390157
4577,34.480341
4578,34.837909
4579,34.701864
458,34.479068
4580,35.414049
4581,35.318393
4582,36.139591
4583,36.049052
4584,36.752717
4585,27.947986
4586,29.686172
4587,33.277983
4588,29.065675
459,33.695941
4594,29.098546
4595,32.740908
4597,30.979228
4598,30.570921
4599,29.276101
46,36.861546
460,33.737384
4600,31.780237
4601,29.191501
4602,29.319077
4603,29.366175
4608,34.913976
4609,33.143393
461,33.094397
4611,29.001861
4612,28.815030
4613,28.813037
4615,35.890373
4616,32.755855
4617,32.771440
4618,32.442910
4619,32.407596
462,33.185291
4620,30.908943
4621,30.936836
4622,31.514091
4623,31.473842
4624,29.528820
4625,29.539988
4626,31.089600
4627,31.092742
4628,42.962296
4629,42.924520
4630,29.427441
4632,30.919869
4633,32.573760
4634,32.498867
4635,29.130066
4636,28.880350
4637,28.935225
4639,32.887381
464,35.155842
4640,29.137181
4641,29.148434
4642,37.193369
4643,30.945171
4645,29.547040
4647,28.688306
465,29.435843
4651,29.493926
4652,31.711946
4653,32.740550
4655,28.998547
4656,34.886128
4657,30.202893
4658,29.943678
4659,30.614364
466,29.458746
4660,32.458527
4661,33.193162
4662,29.897162
4663,29.913683
4664,30.067597
4665,30.089673
4669,32.092650
467,29.837392
4670,33.294603
4671,33.310540
4673,29.589380
4674,33.130498
4675,39.218891
4676,37.975579
4677,37.770437
4678,38.462744
468,29.823280
4680,29.097298
4681,29.210414
4682,29.220732
4683,29.224040
4684,28.995562
4685,28.990786
4686,28.920293
4687,28.918839
4689,28.799260
469,29.563307
4691,28.765030
4692,28.766353
4693,29.024554
4694,29.080114
4696,28.938090
4697,28.874431
4698,28.835850
4699,28.999730
47,36.868035
470,29.577242
4700,29.020061
4701,28.997925
4702,30.040989
4703,30.209886
4704,29.148885
4705,30.862027
4706,31.272412
4707,30.866553
4708,29.856786
4709,36.727446
471,29.370167
4710,41.991105
4711,32.357390
4712,33.366726
4713,33.400149
4714,31.826834
4715,31.823900
4716,31.239724
4717,31.316190
472,29.379359
4721,32.727664
4722,24.100000
4723,24.100000
4725,29.391731
4726,29.240406
4727,29.455172
4728,30.405690
4729,29.475533
473,29.243832
4730,29.446209
4731,30.635011
4732,32.174778
4733,30.280347
4734,30.278071
4735,30.315584
4736,31.085112
4737,31.006552
4739,30.481091
474,29.271232
4740,31.957532
4741,29.039963
4742,40.208236
4743,31.540454
4744,31.793767
4745,31.760372
4746,32.479674
4747,32.502182
4748,33.264501
4749,33.212101
475,29.328390
4750,29.072439
4751,31.303378
4752,29.565580
4754,29.457063
4755,28.770831
4756,28.751751
4757,28.702641
4758,28.688221
476,29.358612
4760,29.060114
4761,28.806677
4762,29.229051
4763,29.229737
4764,30.923201
4765,31.032536
4766,32.979751
477,29.251051
4770,33.660269
4771,42.071393
4772,42.103640
4777,30.269932
4779,37.112042
478,29.236543
4780,34.579151
4781,30.720558
4782,31.047162
4783,29.744678
4784,29.597828
4785,30.394805
4786,30.495314
4787,28.008515
4788,28.016476
4789,37.104300
479,29.375314
4790,37.109860
4791,37.178876
4792,37.110163
4793,37.680613
4794,37.613529
4795,38.085967
4796,26.062186
4797,26.058670
48,37.629196
480,29.328169
4801,24.100000
4802,30.781348
4803,24.100000
4805,29.669576
4806,31.046026
4807,31.043233
4808,34.051865
4809,34.019576
481,29.518899
4810,33.983923
4811,33.972432
4812,33.873838
4814,30.949823
4815,31.894867
4816,35.917632
4817,36.467744
4818,36.191560
4819,30.134606
482,29.551415
4820,30.128044
4821,29.453987
4822,29.546225
4823,30.493675
4824,30.319785
4826,23.347004
4827,30.511859
4828,36.707743
483,29.745704
4831,37.432078
4832,37.432876
4833,29.879744
4834,29.887503
4837,29.569987
4838,29.239244
4839,33.568335
484,29.723142
4840,29.760457
4841,29.272585
4842,29.298366
4843,29.413869
4844,29.414936
4845,29.546648
4846,32.899792
4847,29.079075
4848,29.308143
4849,37.002816
485,29.906777
4850,37.057433
4853,31.300000
4857,32.305181
4858,32.435420
4859,30.144861
486,29.929902
4861,32.740278
4864,32.476852
4865,31.362092
4866,31.495817
4867,31.243309
4868,31.343586
487,30.271463
4870,33.538148
4871,29.871782
4877,44.314751
4878,33.492248
4879,34.093136
488,30.454875
4880,30.797981
4881,30.842648
4884,34.017909
4885,37.749992
4886,37.534318
4887,36.468819
4888,32.531763
4889,34.214095
489,29.483937
4890,34.370116
4891,31.532987
4892,31.566732
4893,29.605302
4894,29.763768
4895,29.036577
4896,29.136079
4897,28.960511
4898,29.355265
49,38.122353
490,29.463151
4900,29.291154
4901,29.095367
4902,38.189645
4903,35.748699
4906,32.170350
4907,32.160179
491,40.355485
4910,29.320293
4911,29.487351
4912,29.384173
4913,30.016514
4914,29.965179
4915,34.825893
4916,34.834878
4917,34.728031
492,40.862030
4920,30.566849
4921,30.078597
4922,30.093795
4923,30.590988
4924,30.063097
4925,38.987727
493,40.777322
4931,30.464131
4932,30.223606
4934,29.961859
4935,32.002292
4939,29.994094
494,41.178371
4946,31.372658
4947,31.342809
4948,31.719239
4949,31.643423
495,41.162045
4950,31.726916
4951,37.385593
4953,29.674092
4954,29.712160
4955,29.422721
4956,29.296652
4957,29.269881
4958,29.463260
496,29.143694
4966,35.435083
4968,35.511460
497,32.767935
4973,28.971922
4974,28.985882
4975,33.023277
4976,33.006168
4977,29.928116
4978,29.118035
4979,29.106927
498,32.910213
4980,29.471340
4981,29.171146
4982,28.639455
4983,28.703058
4984,28.010282
4985,34.991067
4987,31.591245
499,32.181345
4990,31.517160
4995,33.648121
4999,38.376136
5,38.703351
50,37.816453
500,32.156470
50009,29.189315
50011,34.906388
50018,40.233928
50019,40.030490
5002,38.211278
50022,44.294521
5007,28.936855
5008,29.196987
5009,29.090116
501,31.947769
5010,29.430844
5011,29.402724
5012,29.737372
5015,36.039795
5016,34.361781
5017,34.351717
5018,33.198914
5019,33.258420
502,31.989178
5020,31.773239
5021,31.795514
5022,36.979988
5023,36.979833
5025,33.140018
5027,29.174970
5028,29.174493
5029,29.123879
503,31.912488
5030,29.538809
5031,29.526267
5032,30.033179
5033,29.880168
5034,37.896459
5036,31.167211
5037,29.685266
5038,29.272572
5039,29.849138
504,31.887337
5040,33.836425
5045,30.509612
5046,33.006090
5049,24.100000
505,31.819544
5050,33.479405
5051,33.382696
5052,28.781607
5053,28.799200
5054,31.115983
5055,29.280812
5056,29.394499
5057,32.326176
5058,32.869992
5059,31.486450
506,31.846183
5061,31.239856
5064,29.676679
5065,29.720639
5068,30.471613
5069,30.470403
507,31.247042
5070,34.083452
5071,43.750049
5072,27.790107
5073,28.500649
5074,28.529293
5075,38.108583
5076,33.502270
5077,33.376106
5078,32.123780
5079,33.217398
508,31.163434
5080,32.602385
5081,27.330273
5082,27.362473
5083,32.677742
5084,32.594571
5085,29.635697
5086,29.645908
5087,32.694606
509,30.760132
5091,37.977707
5092,37.854098
5093,37.826434
5094,32.000948
5097,35.130299
5098,35.143499
5099,31.317711
51,38.638636
510,30.885722
5100,32.057844
5102,36.364276
5104,33.542999
5105,32.645368
5108,28.092686
5109,28.061054
511,31.707969
5110,28.124507
5111,28.124928
5112,28.125798
5113,28.140048
5114,27.994085
5115,27.938404
5116,27.810059
5118,28.060964
512,31.318411
5121,29.333018
5122,29.430944
5123,29.932671
5124,31.815926
5125,31.823460
5127,44.308830
5128,31.322234
5129,29.903754
513,32.094555
5133,31.513913
5135,41.057936
5137,40.366234
5138,40.391814
5139,38.887788
514,36.804701
5140,33.961453
5141,34.459222
5144,31.558841
5145,30.034985
5146,34.794013
5147,35.850737
5148,38.827249
515,36.555264
5150,32.532526
5151,28.231898
5152,28.228155
5153,33.083119
5154,30.822092
5155,30.814103
5156,37.735712
5159,27.702602
516,36.285953
5163,28.984628
5164,35.683741
5165,35.702364
5167,35.367261
5169,29.530512
517,35.753745
5170,29.995987
5173,31.367278
5174,29.650859
5175,31.218266
5176,29.983245
5178,30.244390
5179,30.249096
518,40.478529
5180,30.399329
5181,30.964121
5182,31.037163
5183,31.047939
5184,30.382857
5185,30.327209
5186,30.698929
5187,30.705138
5188,30.491362
5192,30.448648
5195,30.915054
5197,30.073338
5198,30.318930
5199,31.239286
52,39.360348
520,35.629297
5202,31.216743
5203,30.300565
5204,30.035970
5205,38.479986
5206,38.235764
5208,30.185856
521,35.661571
5211,31.166354
5217,30.271243
5219,36.422055
522,35.962895
5224,29.333805
523,36.646716
5230,38.628322
5231,38.554556
5232,31.444804
5233,31.328705
5234,31.230548
5235,31.202112
5236,31.430307
5237,36.949986
5239,40.873367
524,37.187348
5241,31.029245
5242,31.014220
5243,31.806152
5246,37.895208
5249,36.532235
525,37.529971
5250,32.895156
526,37.443559
5262,31.375502
5263,34.353419
5264,32.593090
5265,36.499545
5266,36.800359
5268,34.995541
527,38.406361
528,38.182216
529,40.407811
5296,36.864328
5298,37.828502
53,39.588266
530,40.630858
5300,29.591222
5301,30.953720
5309,31.918794
5311,36.417693
5316,34.598687
5317,33.869026
5318,37.645357
532,40.229420
5321,28.197655
5322,28.216041
5323,29.111268
5324,29.102692
5325,32.013262
5326,29.483989
5327,29.493050
5328,32.861250
5329,28.677058
533,40.159247
5330,28.705513
5331,29.355120
5332,30.957876
5333,40.799164
5335,31.709862
5336,31.341652
5337,31.819878
5338,31.782774
5339,30.809204
534,39.594409
5342,28.942460
5345,42.356729
5346,42.768631
5347,32.530800
5348,38.458930
5349,29.536707
535,37.419514
5350,28.621690
5351,28.261068
5352,29.157305
5353,28.912501
5354,30.158071
5355,28.478816
5356,29.852439
5358,33.916317
5359,28.529592
536,37.666009
5360,34.755876
5361,28.724374
5362,28.719237
5363,31.164911
5365,35.065531
5367,29.119373
537,40.982173
5370,38.108217
5371,29.923435
5376,40.276827
5377,39.318157
5378,32.338407
5379,32.334780
538,37.191252
5380,32.810025
5381,30.694994
5382,29.057094
5383,29.144963
5384,28.789567
5385,29.447212
5386,29.502445
5387,29.421312
5390,28.861969
5394,38.393440
5395,29.892360
5396,29.838842
5397,29.192172
5398,29.189122
5399,29.116826
54,39.911791
540,36.612885
5400,29.110122
5401,29.218370
5402,29.674590
5403,29.848845
5404,29.881091
5405,29.917282
5407,30.022849
5408,30.119603
5409,30.247477
541,36.072511
5411,31.137152
5412,31.189527
5413,30.557063
5414,30.605753
5415,30.036500
5416,30.064285
5417,29.256045
5418,29.200170
5419,29.480367
542,35.980743
5420,29.418987
5421,29.436681
5423,29.448869
5424,29.448644
5425,29.747813
5426,29.712235
5427,29.448591
543,35.785253
5436,31.964555
5437,31.444981
544,38.132705
5442,41.813445
5443,41.888182
5445,27.378268
5447,39.539443
5449,35.463266
545,37.470677
5451,37.529778
5452,37.485880
5453,35.704707
5454,37.952220
5455,29.429923
5456,30.338952
5458,33.123188
5459,36.621586
546,37.229049
5460,31.601279
5461,32.072728
5462,31.974595
5465,29.286840
5466,32.191654
5467,30.610803
547,35.333160
5470,36.883228
5471,31.917400
5472,30.567333
5473,30.518290
548,35.923808
5481,27.722785
5482,29.355454
5483,28.800234
5484,28.777303
5485,28.681049
5486,27.660265
5487,27.743583
5489,28.814581
549,33.213622
5490,29.867534
5491,29.728898
550,32.013837
5500,34.937281
5505,38.012626
5506,33.162328
5507,31.731734
551,32.130982
5510,32.192552
5511,38.658191
5512,31.141948
5514,36.514150
5515,30.023782
5516,29.944723
5517,30.031648
5518,29.987179
552,30.719224
5520,29.492737
5521,31.931913
5522,37.430077
5523,30.160720
5524,34.697711
5528,36.040190
5529,35.933098
553,30.681050
5531,30.039774
5535,28.913790
5536,29.835219
554,31.862053
5540,32.635722
5541,32.520559
5542,38.988292
5545,33.601071
5547,28.832835
5548,28.945499
5549,33.196561
555,32.761228
5550,33.319849
5558,31.572631
556,32.728135
5560,33.263390
5561,29.212947
5562,29.411682
5564,41.753871
5566,32.322207
5568,39.453072
5569,39.436684
557,33.194459
5570,39.491569
5571,39.532173
5572,39.202462
5573,39.208541
5574,34.574932
558,33.201093
559,33.191289
5591,35.156832
5592,30.590170
5593,30.542715
5594,38.918250
5595,38.786500
5597,35.634687
5598,35.619169
5599,35.495993
56,40.338064
560,33.183421
5600,33.309094
5601,33.305281
5602,36.098356
5603,36.111477
5604,36.214326
5605,36.166408
5606,36.049294
5607,36.052756
5608,36.101141
5609,36.083129
561,33.148626
5610,36.080753
5611,36.054600
5612,35.920486
5613,38.234313
5617,33.264694
5618,37.329807
5619,37.348923
562,29.215507
5620,35.166877
5621,32.277852
5623,31.655389
5624,32.675819
5625,33.026309
5626,42.410815
5627,42.012913
5628,31.187560
563,33.038457
5632,35.151441
5633,34.919925
5634,34.028996
5635,33.162530
5636,32.419847
5638,30.445356
5639,40.013009
564,32.639159
5642,31.460725
5645,39.036837
5646,39.828371
5649,30.167789
565,32.694242
5650,29.035205
5652,30.914721
5654,27.901578
5657,30.057080
5658,30.208950
5659,30.033247
566,32.325128
5660,29.917227
5661,29.919971
5662,33.124377
5663,33.169466
5665,28.746548
5667,32.448935
5671,31.176254
5678,43.053793
5679,43.039568
5681,33.066398
5683,32.745055
5684,27.522895
5685,29.587341
5686,29.620585
5687,30.045354
5688,29.806719
5689,29.597851
569,34.882020
5690,29.547756
5691,29.799726
5692,29.548424
5693,29.586132
5694,29.977916
5695,29.732587
5696,30.012768
5698,31.274544
57,40.727200
570,30.262741
5700,34.280387
5702,33.645492
5703,33.715758
5704,32.902615
5705,34.006842
5706,33.778948
5707,34.036079
5708,34.130063
5709,34.231044
571,30.449301
5710,34.292852
5713,32.976145
5714,33.037157
5715,33.104980
5716,31.497322
5717,34.168173
5718,33.007794
5719,33.905368
572,29.749808
5720,33.669224
5721,32.822909
5722,35.869559
5726,32.854308
5727,41.997143
5729,30.916411
573,29.755769
5731,31.367603
574,29.646196
5741,31.043553
5743,32.929713
5744,32.146954
5746,29.141080
5747,29.033692
5749,38.841331
575,29.702713
5751,29.382849
5752,29.216346
5758,29.230248
5759,29.228559
5761,30.245379
5768,35.428182
577,32.803984
5772,28.139369
5774,29.321361
5775,30.097617
5776,30.807344
5777,29.074900
578,29.380386
5781,35.960491
5784,37.618314
5787,37.715294
5788,36.757670
5789,30.961853
579,29.438017
5790,30.928025
5791,30.038735
5792,30.488101
5793,39.425531
5798,35.592188
5799,33.894314
58,40.771864
580,28.494385
5800,32.904038
5801,31.781284
5802,32.409155
5803,32.651009
5804,31.795653
5805,32.340056
5806,32.879156
5807,34.399365
5808,33.899577
5809,33.341735
581,28.544031
5810,32.787292
5811,32.319610
5812,31.893767
5813,32.851420
5814,32.645959
5815,34.175983
5816,34.987358
5817,31.780756
582,27.976837
5820,32.697667
5822,35.099628
5823,29.644974
5825,30.715927
5827,34.174659
583,28.022312
5832,43.121297
5833,28.041873
5837,40.238717
5838,28.015517
5839,27.964679
584,27.994212
5844,30.680001
5845,30.742098
5846,30.366032
5847,29.277657
5848,29.359955
585,27.989120
5850,29.945127
5851,38.789625
5852,38.974196
5853,34.634571
5856,28.922829
5859,29.759459
586,27.969916
5860,32.618827
5861,31.594566
5862,29.818826
5864,28.103387
5865,29.505498
5866,29.460207
5867,29.092688
5868,29.120992
5869,28.680981
587,27.973676
5870,28.691535
5871,28.647933
5872,28.596088
5876,39.840027
5878,28.679122
5879,28.666398
588,31.571203
5880,31.582169
5881,31.352640
5882,36.417671
5883,31.091202
5884,28.945093
5887,30.103072
5888,31.274258
5889,31.229404
589,31.941613
5890,32.239760
5891,32.274260
5892,29.281813
5893,29.149247
5894,29.410950
5895,29.374554
59,41.760914
590,32.392784
5907,40.490770
591,29.445502
5911,31.258866
5912,31.265441
592,31.918336
593,33.492334
594,33.423777
596,37.239572
598,29.222326
599,38.473463
6,39.885941
60,41.821182
6003,36.004765
601,37.785760
603,36.749762
605,34.735165
606,32.626605
607,35.060325
608,33.043645
609,33.059489
61,42.050387
611,28.563622
614,32.150508
615,32.139041
616,32.063604
617,32.040262
618,33.149483
619,32.633372
62,42.275866
620,32.631575
621,32.154569
622,32.122770
6225,44.396007
6226,44.400000
623,31.550628
624,31.569343
625,30.749141
626,30.762269
6260,44.400000
6261,44.394621
627,28.866805
6272,39.390986
628,28.759107
629,30.121874
63,42.351461
630,30.129054
631,30.041577
632,30.041260
633,30.213389
634,30.177623
635,30.828877
636,30.815281
637,29.021462
638,30.943417
639,32.696438
640,28.812326
641,20.493824
642,22.596179
643,25.911389
644,26.668915
645,26.608373
646,27.344436
647,27.360500
649,29.223932
65,42.465430
650,27.784345
651,27.819889
652,28.025755
653,28.024185
654,28.115011
655,28.065249
656,28.900366
657,28.907898
658,29.620563
659,29.626099
66,42.650793
660,29.946531
661,29.959203
662,30.444252
663,30.504159
664,31.128449
665,30.579774
666,30.200584
667,31.442928
668,25.966134
669,21.185361
670,42.667998
671,42.654654
672,41.204589
673,41.525739
674,39.864488
675,39.524571
676,38.261443
678,37.412226
679,37.543931
68,42.176920
680,37.141415
681,37.316077
682,36.669290
683,36.616875
684,35.711882
685,35.198065
686,34.455987
687,28.852655
688,33.489518
689,33.276689
69,41.912785
690,32.602792
692,31.945566
693,31.968351
694,31.816789
695,31.743511
696,32.144829
697,32.165921
698,32.178222
699,31.992738
7,43.200607
70,41.747904
701,32.651441
703,32.856552
704,33.012600
705,33.657904
706,33.617386
707,34.552564
708,34.275367
709,31.511399
71,41.995899
710,33.425687
7101,26.962841
7102,26.531539
711,33.877959
712,33.995931
715,35.513774
716,35.541923
717,35.034462
718,35.049794
7182,26.555217
7183,27.757670
719,29.080014
7192,29.627165
72,42.525513
720,28.851444
721,35.003811
722,35.026030
723,39.703017
724,40.228700
725,36.245211
726,36.160434
727,36.594330
728,36.700941
729,38.201781
73,42.186590
730,38.204212
731,39.981526
732,39.950107
733,42.042856
734,36.896076
735,36.679229
736,36.579393
737,36.264392
738,36.218489
7396,33.681633
74,41.777130
740,35.845704
741,37.885271
742,38.474669
743,34.703510
745,35.111347
751,38.995912
753,38.197288
754,37.996682
755,37.861909
756,33.806459
757,33.781247
758,32.429177
759,32.418301
76,41.882931
760,32.268052
761,32.281906
762,32.287814
763,32.286103
764,32.369207
765,32.397270
766,32.602606
767,32.588368
768,32.769948
769,32.926926
77,40.541603
770,32.931019
771,32.970983
773,33.574183
774,28.571694
776,32.815191
777,32.325801
778,38.655099
779,33.488493
78,40.858494
780,34.496195
781,35.582262
782,36.238033
784,36.502410
785,36.831828
786,37.000247
787,36.989011
788,36.640709
789,37.059116
79,38.269460
790,37.475785
791,37.851246
792,39.118963
793,39.080071
794,40.261636
795,40.160746
796,37.753448
797,37.000344
798,36.094523
799,35.736439
8,43.557813
80,34.218811
800,35.301143
801,34.997950
802,29.222985
803,34.343704
805,35.060653
806,35.580689
807,36.325458
808,36.826141
809,37.795083
81,36.814115
810,39.425588
811,36.633664
812,33.612722
813,33.270004
814,37.145480
815,37.019671
816,34.860637
817,35.311509
818,32.216399
819,32.139586
82,36.802348
820,31.312480
821,31.322268
822,31.082264
823,31.089055
824,30.726418
825,30.699787
826,30.193266
827,29.955736
828,30.268606
829,30.219178
83,35.236683
830,30.455950
831,30.476832
832,30.559287
833,30.594588
834,29.923295
835,29.916281
837,29.296442
838,29.163061
839,29.200290
84,34.232635
840,28.988564
841,29.019074
842,28.973825
843,28.962335
844,29.247929
845,29.194596
846,29.034066
847,28.786675
848,29.039818
849,28.982508
85,34.074574
850,28.904809
851,29.340034
852,29.469573
853,29.494946
854,38.338731
855,38.576472
857,35.341481
858,33.389206
859,33.381106
86,33.581055
860,34.122857
861,33.863522
862,32.223049
863,30.319893
865,30.251159
866,30.256362
867,30.260720
868,30.233672
869,30.329463
87,33.681882
870,31.887442
871,32.520619
872,32.517305
873,32.598763
874,32.565857
875,33.113398
876,33.030371
877,33.147217
878,33.125546
879,33.235052
88,33.500465
880,33.191309
881,32.568302
882,32.050208
883,32.175468
884,31.730474
885,31.500351
886,31.265692
887,31.246180
888,30.968753
889,31.144176
89,34.711776
890,31.202110
891,31.151968
892,31.384493
893,31.146796
894,31.338503
895,31.292863
896,31.338640
897,31.239102
898,28.848305
899,29.057784
9,39.740661
90,41.065323
900,27.492106
901,26.766424
903,29.461658
904,29.542807
905,27.807046
906,28.048392
907,27.910478
909,27.098198
910,27.132338
911,32.955646
912,38.314195
913,38.084029
914,32.381060
915,32.763040
916,31.649651
917,31.795513
918,31.763283
919,31.763384
92,32.255716
920,31.623421
921,31.599716
922,32.077083
923,31.868773
924,32.632957
925,32.401473
926,32.715656
927,32.513609
928,32.623499
929,32.526975
93,28.598066
930,33.158632
931,32.817759
932,33.085766
933,32.950513
934,32.925094
935,32.842796
936,32.800814
937,32.003450
938,31.980943
939,32.308687
940,32.348665
941,32.324474
942,32.344160
943,32.080468
944,32.138155
945,31.662645
946,32.158992
947,31.332373
950,34.591441
952,32.108927
953,32.104953
955,29.766670
956,31.460429
957,31.481837
958,31.552486
959,31.563194
960,31.784419
961,31.823419
962,31.976185
963,31.988354
965,32.035433
966,32.053147
967,32.062815
968,32.051045
969,32.061818
97,36.891529
970,32.136956
971,32.139484
974,32.151833
975,32.291667
976,31.614014
977,31.208269
978,30.761906
979,30.800554
98,36.817166
980,30.555402
981,30.540637
982,30.271869
983,30.303011
984,30.113179
985,30.147405
986,30.421230
987,30.355261
989,30.855156
99,37.108761
990,31.205495
991,31.224141
993,31.760608
994,30.726578
999,31.988244
par_10_1,31.199132
par_10_10,32.026582
par_10_2,30.345103
par_10_23,33.949058
par_10_3,29.889359
par_10_4,29.486986
par_10_5,29.275995
par_10_6,29.434278
par_10_7,29.722855
par_10_8,29.056387
par_10_9,28.478989
par_5_1,27.692769
par_5_10,31.247180
par_5_11,34.182938
par_5_122,39.668718
par_5_13,44.336563
par_5_133,30.154688
par_5_142,31.486767
par_5_144,31.393151
par_5_145,34.614097
par_5_15,27.862357
par_5_18,33.827892
par_5_24,23.004155
par_5_25,31.790498
par_5_26,33.585280
par_5_28,33.463834
par_5_30,28.802504
par_5_31,33.633980
par_5_40,31.988937
par_5_46,31.625674
par_5_51,37.420025
par_5_52,29.819798
par_5_57,32.192956
par_5_58,30.122329
par_5_59,29.447563
par_5_61,35.263611
par_5_62,30.888638
par_5_64,30.213227
par_5_69,31.983116
par_5_7,29.746023
par_5_70,32.100836
par_5_75,28.042622
par_5_84,27.140586
par_5_87,29.115384
par_5_9,33.982068
par_5_90,27.979193
par_5_92,30.842682
par_5_93,29.686400
par_8_06002,35.928349
par_8_06012,44.253536
par_8_06015,40.135197
par_8_06165,31.898540
par_8_06225,44.396361
par_8_06226,44.400000
par_8_06227,44.400000
par_8_06255,44.384008
par_8_06259,44.400000
par_8_06260,44.400000
par_8_06261,44.394357
par_8_06262,44.399169
par_8_06268,40.020299
par_8_06272,39.344289
par_8_06275,37.912800
par_8_06299,37.881751
par_8_06315,39.073792
par_8_06316,35.924012
par_8_06317,24.844447
par_8_06318,27.439022
par_8_06319,27.457064
par_8_06320,27.668498
par_8_06321,27.783814
par_8_06322,27.874094
par_8_06323,28.143878
par_8_06324,28.155825
par_8_06325,28.144736
par_8_06326,28.082355
par_8_06327,27.783690
par_8_06328,27.648481
par_8_06329,27.460219
par_8_06330,27.443299
par_8_06331,27.441208
par_8_06332,24.859631
par_8_06333,37.155093
par_8_06334,43.789103
par_8_06352,35.472141
par_8_06507,32.957743
par_8_06511,32.931198
par_8_06563,32.105650
par_8_06565,37.200000
par_8_06566,37.193935
par_8_06567,35.343091
par_8_06568,30.492116
par_8_06569,29.281993
par_8_06570,27.100000
par_8_06571,27.039608
par_8_06664,27.046873
par_8_06665,27.409852
par_8_06666,30.438703
par_8_06667,33.845179
par_8_06669,37.200000
par_8_06672,31.689858
par_8_06673,32.293978
par_8_07077,33.023817
par_8_07101,27.021570
par_8_07102,26.420386
par_8_07182,26.496135
par_8_07183,27.460253
par_8_07192,29.664671
par_8_07205,33.747902
par_8_07207,35.866891
par_8_07208,35.810911
par_8_07209,34.388230
par_8_07299,34.356020
par_8_07300,35.369027
par_8_07301,36.094855
par_8_07302,32.865572
par_8_07312,30.376803
par_8_07313,33.215484
par_8_07324,33.401248
par_8_07325,33.289240
par_8_07326,30.372768
par_8_07327,30.084309
par_8_07333,30.219723
par_8_07363,30.242989
par_8_07376,27.358907
par_8_07378,28.232024
par_8_07384,30.118491
par_8_07385,30.473288
par_8_07386,32.846075
par_8_07396,33.507549
par_8_07433,31.351044
par_8_07439,28.015087
par_8_07529,27.975664
par_8_07537,25.844769
par_8_07538,34.598428
par_8_07547,29.664684
par_8_07562,32.232976
par_8_07567,29.622756
par_8_07570,30.438809
par_8_07571,29.790229
par_8_07572,29.745249
par_8_07586,28.724603
par_8_07587,28.767297
par_8_07603,32.022214
par_8_07605,32.460948
par_8_07609,33.130807
par_8_07614,32.691067
par_8_07615,32.689934
par_8_07616,31.408056
par_8_07627,31.418404
par_8_07638,29.719730
par_8_07640,31.010851
par_8_07641,30.912553
par_8_07647,30.537283
par_8_07654,30.837923
par_8_07655,30.832145
par_8_07656,30.961460
par_8_07657,30.988776
par_8_07658,31.074664
par_8_07659,31.192270
par_8_07660,30.487220
par_8_07661,31.703891
par_8_07687,26.718716
par_8_07688,32.801715
par_8_07689,32.807602
par_8_07690,26.895445
par_8_07691,28.030849
par_8_08366,31.378629
par_8_08367,31.167694
par_8_08380,29.617045
par_8_08381,29.748596
par_8_08409,32.035626
par_8_08410,32.017248
par_8_08419,27.459885
par_8_08458,30.825072
par_8_08461,26.034735
par_8_08464,24.218477
par_8_09128,28.074578
par_8_09388,35.625152
par_8_09501,34.291399
par_8_09502,34.788789
par_8_09995,32.498633
par_8_10457,36.400000
par_8_10458,36.400000
par_8_10548,31.968902
par_8_10585,39.351189
par_8_1069,28.387177
par_8_1074,28.560020
par_8_1075,28.680642
par_8_10866,29.693363
par_8_10887,27.464591
par_8_10888,39.978135
par_8_11143,39.433764
par_8_11278,35.826712
par_8_11291,35.528877
par_8_11292,35.555282
par_8_1132,32.818761
par_8_1134,32.170758
par_8_1135,31.427804
par_8_1136,31.741118
par_8_1152,31.867282
par_8_1153,31.869442
par_8_11547,44.001844
par_8_1156,31.637784
par_8_1157,31.684822
par_8_1158,30.304270
par_8_11670,40.484138
par_8_1172,30.181681
par_8_11729,31.410219
par_8_1173,30.170776
par_8_1174,29.960472
par_8_1175,29.962339
par_8_11760,29.785064
par_8_1191,30.821789
par_8_1192,30.809284
par_8_1193,30.902428
par_8_1194,30.883585
par_8_11980,35.927870
par_8_1210,28.975631
par_8_1211,28.960449
par_8_1213,29.063181
par_8_12477,36.210201
par_8_12697,33.323617
par_8_1283,32.208090
par_8_1284,33.743732
par_8_1285,33.492422
par_8_1287,41.328873
par_8_12895,29.394823
par_8_1313,30.115078
par_8_1314,30.221209
par_8_1315,30.739793
par_8_1316,30.789252
par_8_1321,30.559772
par_8_1322,30.558485
par_8_1330,34.637654
par_8_1332,33.927793
par_8_1333,31.214335
par_8_1334,33.745899
par_8_1335,33.955595
par_8_1336,34.647367
par_8_1338,35.154244
par_8_1341,43.787671
par_8_1342,44.013539
par_8_1343,40.015454
par_8_1344,40.420366
par_8_1346,40.297229
par_8_1347,37.337458
par_8_1348,37.463768
par_8_1350,36.533470
par_8_1351,36.359579
par_8_1352,32.745972
par_8_1353,32.801026
par_8_1354,31.105486
par_8_1355,30.399625
par_8_1357,30.088760
par_8_1366,28.610954
par_8_1367,28.616165
par_8_1368,28.739195
par_8_1373,28.463263
par_8_1440,30.016055
par_8_1441,30.027483
par_8_1444,30.069755
par_8_1445,30.068086
par_8_1449,29.115581
par_8_1450,30.019148
par_8_1489,32.544539
par_8_1546,28.797399
par_8_1547,28.759724
par_8_1548,29.150263
par_8_1549,29.154812
par_8_15525,35.921185
par_8_15557,29.663690
par_8_1565,29.813096
par_8_15782,29.624320
par_8_1602,30.945913
par_8_16165,29.104113
par_8_16166,29.121011
par_8_16342,35.498208
par_8_1663,30.090786
par_8_1664,30.161078
par_8_16644,33.234064
par_8_16645,33.055305
par_8_16646,32.012466
par_8_16729,30.367530
par_8_16730,30.154602
par_8_16732,30.269849
par_8_16736,31.180240
par_8_17041,33.358368
par_8_17042,33.409023
par_8_17051,35.923800
par_8_17052,35.838836
par_8_1733,29.996069
par_8_1734,28.489689
par_8_1735,28.531312
par_8_1736,28.391365
par_8_1737,28.449034
par_8_17470,35.952776
par_8_17472,36.031172
par_8_17480,35.632230
par_8_17643,43.333726
par_8_17644,43.338249
par_8_17647,43.075682
par_8_17676,39.172561
par_8_17688,38.169720
par_8_1786,29.464987
par_8_1787,30.671276
par_8_1788,30.675905
par_8_1789,30.274012
par_8_1790,30.281539
par_8_17960,33.331391
par_8_18074,36.057693
par_8_18275,28.116637
par_8_18276,28.338708
par_8_18365,34.756963
par_8_18443,31.700000
par_8_18444,31.700000
par_8_18445,31.762843
par_8_18446,31.821856
par_8_18447,31.887225
par_8_18448,31.843084
par_8_18454,30.040001
par_8_18510,29.042913
par_8_18634,27.511954
par_8_18635,27.519029
par_8_18636,27.311384
par_8_18637,27.305508
par_8_18638,27.140999
par_8_18639,27.148969
par_8_18926,39.433476
par_8_18927,38.883893
par_8_18928,39.044579
par_8_1917,33.990743
par_8_1985,29.463315
par_8_2125,31.037196
par_8_2178,34.622139
par_8_23,34.631976
par_8_2325,30.713217
par_8_2326,31.098557
par_8_2411,31.888745
par_8_2412,31.247518
par_8_242,31.906372
par_8_243,31.796455
par_8_2438,33.001824
par_8_2439,32.670024
par_8_2440,32.702441
par_8_2441,32.703653
par_8_2442,32.727270
par_8_2443,32.672482
par_8_2444,32.634165
par_8_2453,32.283482
par_8_2463,31.559010
par_8_2548,33.437045
par_8_2611,29.377272
par_8_2612,30.056020
par_8_2613,29.951354
par_8_2843,31.826889
par_8_2844,31.995334
par_8_2916,31.293817
par_8_3016,29.737161
par_8_3017,29.795454
par_8_3018,29.694216
par_8_3019,29.758420
par_8_3182,32.494950
par_8_3183,32.468288
par_8_3184,32.565199
par_8_3185,32.567590
par_8_3186,32.278085
par_8_3201,31.330570
par_8_3287,29.606068
par_8_3350,29.417636
par_8_3351,29.329395
par_8_3352,29.132205
par_8_3353,28.917302
par_8_3429,36.386446
par_8_3430,36.577201
par_8_3431,35.745799
par_8_3432,35.608806
par_8_3433,35.538262
par_8_3434,35.508544
par_8_3440,38.345252
par_8_3443,39.309861
par_8_3444,39.289760
par_8_3447,38.998590
par_8_3448,32.747168
par_8_3449,35.223994
par_8_3450,39.415535
par_8_3451,40.861900
par_8_3486,30.778133
par_8_3488,30.771587
par_8_3490,31.282379
par_8_3494,31.201665
par_8_3499,30.657627
par_8_3514,33.226871
par_8_355,30.508528
par_8_3559,31.092293
par_8_356,30.474570
par_8_3562,31.092157
par_8_357,29.927423
par_8_358,29.868907
par_8_359,28.746743
par_8_3592,30.761720
par_8_360,28.821020
par_8_3600,35.543819
par_8_3601,35.439741
par_8_361,28.391671
par_8_362,28.382297
par_8_3670,29.818946
par_8_3715,33.033742
par_8_3716,33.035314
par_8_378,31.309433
par_8_379,31.318040
par_8_3817,29.298890
par_8_3818,29.308044
par_8_3840,38.562417
par_8_3900,31.113627
par_8_3901,31.126922
par_8_3918,31.972439
par_8_3933,32.916268
par_8_3994,32.528628
par_8_3995,32.491018
par_8_4012,28.063599
par_8_4013,28.034259
par_8_4019,30.772155
par_8_4020,30.781456
par_8_4210,28.953169
par_8_4265,28.877540
par_8_4283,28.916199
par_8_4301,30.217507
par_8_4303,31.038744
par_8_4309,42.188098
par_8_4311,43.515100
par_8_4375,28.669125
par_8_4377,29.845544
par_8_4379,33.061395
par_8_4400,28.953283
par_8_4507,28.926218
par_8_4509,28.854403
par_8_4546,28.533017
par_8_4547,28.698377
par_8_4548,29.179296
par_8_4552,28.379810
par_8_4593,33.103871
par_8_4611,28.926070
par_8_4612,28.809937
par_8_4613,28.804270
par_8_4636,28.875788
par_8_4637,28.935349
par_8_4651,29.554008
par_8_4662,29.917212
par_8_4663,29.915363
par_8_4664,30.092107
par_8_4665,30.096569
par_8_4770,33.659423
par_8_4783,29.734201
par_8_4784,29.602071
par_8_4789,37.128695
par_8_4790,37.166347
par_8_4793,37.517059
par_8_4795,38.138881
par_8_4921,30.072235
par_8_4922,30.100484
par_8_4980,29.455664
par_8_4982,28.605520
par_8_4983,28.600819
par_8_50001,36.368916
par_8_50009,29.168773
par_8_50018,40.020572
par_8_50019,40.080817
par_8_50020,27.100000
par_8_50021,27.100000
par_8_5046,33.006899
par_8_5085,29.667552
par_8_5086,29.652092
par_8_5108,28.061244
par_8_5109,28.041781
par_8_5150,31.857779
par_8_5321,28.188580
par_8_5322,28.211168
par_8_5345,42.180247
par_8_5349,29.571606
par_8_5380,32.872020
par_8_5523,30.161539
par_8_5598,35.645358
par_8_5600,33.309262
par_8_5617,33.227022
par_8_5662,33.118565
par_8_5687,30.077925
par_8_5704,32.944811
par_8_5718,32.967369
par_8_578,29.373966
par_8_579,29.431436
par_8_5793,39.417940
par_8_580,28.504703
par_8_581,28.591062
par_8_5856,28.925881
par_8_589,31.952514
par_8_627,28.869336
par_8_660,29.949015
par_8_661,29.985543
par_8_662,30.443549
par_8_663,30.507936
par_8_667,31.435218
par_8_857,35.415708
par_8_881,32.560054
par_8_885,31.506184
par_8_892,31.412210
par_8_893,31.165243
par_8_900,27.450877
par_8_910,27.134905
par_8_93,28.590180
par_8_955,29.856494
par_8_978,30.764307
par_8_979,30.804275
par_8_980,30.551713
par_8_981,30.563525
par_8_982,30.295257
par_8_983,30.315860
par_8_984,30.138840
par_8_985,30.146557
