stop_id,multimodal_gini
007877,0.151
007878,0.1509
007879,0.17
007881,0.1493
007883,0.1493
007884,0.1914
007885,0.192
007897,0.1515
007898,0.1515
007900,0.154
007913,0.1569
007914,0.1569
007919,0.1512
007923,0.1532
007924,0.1836
007927,0.2043
007928,0.2043
007930,0.1997
007931,0.2006
007949,0.1227
007950,0.156
007967,0.1515
007968,0.166
007973,0.1875
007974,0.1875
007975,0.1875
007976,0.1875
007977,0.1875
007978,0.1875
007979,0.1924
007980,0.1458
007995,0.1768
008020,0.1398
008021,0.1398
008022,0.1398
008023,0.1398
008024,0.1398
008025,0.1398
008026,0.1398
008028,0.1398
008029,0.1398
008030,0.1398
008036,0.159
008037,0.159
008040,0.1847
008041,0.1847
008047,0.1313
008050,0.1535
008051,0.1633
008067,0.1371
008087,0.1517
008090,0.1846
008093,0.1716
008094,0.1532
008095,0.1728
008096,0.1532
008098,0.214
008106,0.1997
008109,0.1806
008110,0.1763
008111,0.1545
008112,0.1824
008113,0.1824
008114,0.1806
008115,0.1939
008116,0.1931
008119,0.1763
008124,0.2151
008125,0.1931
008126,0.2151
008127,0.1931
008128,0.1997
008132,0.1594
008146,0.1674
008147,0.1602
008148,0.1674
008149,0.1583
008152,0.17
008153,0.1617
008155,0.2165
008156,0.1401
008164,0.1398
008165,0.1398
008168,0.1791
008169,0.1791
008170,0.0185
008206,0.1414
008209,0.1428
008218,0.1925
008222,0.1398
008238,0.1127
008239,0.1702
008240,0.1697
008241,0.1374
008242,0.1374
008243,0.1503
008245,0.2037
008246,0.1451
008260,0.1477
008261,0.1478
008262,0.1602
008265,0.2156
008269,0.1551
008270,0.1551
008272,0.2165
008280,
008283,0.1459
008284,0.1459
008286,0.1868
008287,0.193
008289,0.1397
008336,0.175
008337,0.175
008341,0.0934
008344,0.1535
008353,0.1467
008379,0.1356
008380,0.1356
008382,0.1398
008383,0.1398
008399,0.1802
008402,0.208
008403,0.2027
008404,0.2069
008405,0.2041
008406,0.2041
008407,0.2027
008408,0.2027
008409,0.2032
008410,0.204
008411,0.2037
008412,0.1488
008426,0.1397
008440,0.1884
008455,0.1127
008458,0.1428
008459,0.1428
008460,0.1158
008461,0.1428
008481,0.2156
008490,0.1703
008491,0.1569
008498,0.1334
008499,0.1334
008500,0.1673
008501,0.0
008519,0.1659
008521,0.1661
008535,0.1882
008544,0.1663
008545,0.1594
008546,0.2133
008559,0.1544
008560,0.14
008567,0.1417
008569,0.1885
008575,0.1675
008577,0.1582
008587,0.2396
008588,0.2396
008589,0.1337
008590,0.1944
008591,0.1944
008593,0.1846
008605,0.1659
008644,0.1366
008645,0.1366
008692,0.144
008694,
008697,0.1503
008702,0.1452
008708,0.1366
008725,0.1594
008731,0.1515
008736,0.1276
008737,0.1276
008750,0.1875
008754,0.1802
008782,0.1982
008785,0.1594
008788,0.1564
008789,0.2204
008792,0.2784
008793,0.0816
008832,0.1681
008841,0.1459
008842,0.1459
008844,0.1372
008850,0.1806
008863,0.1425
008893,0.2109
008894,0.2388
008895,0.2427
008896,0.2427
008898,0.1884
008903,0.1647
008904,0.1537
008910,0.1438
008911,0.144
008918,0.1692
008921,0.1532
008922,0.1813
008923,0.1258
008924,0.1258
008939,0.2049
008943,0.1979
008946,0.1832
008947,0.1826
008948,0.1781
008949,0.1802
008950,0.1787
008952,0.1828
008953,0.1981
008954,0.1981
008955,0.1981
008956,0.1981
008957,0.1981
008958,0.1981
008959,0.2135
008960,0.2449
008963,0.2449
008967,0.183
008971,0.1748
009025,0.1201
009026,0.1924
009039,0.1441
009041,0.1697
009042,0.2165
009047,0.1459
009072,0.1512
009137,0.152
009138,0.1569
009139,0.1545
009140,0.1569
009146,0.1452
009147,0.1989
009148,0.1459
009153,0.1494
009154,
009155,0.1397
009161,0.1613
009162,0.1613
009163,0.1613
009174,0.1527
009179,0.1352
009208,0.1868
009220,0.1846
009225,
009230,0.1914
009234,0.1802
009243,0.1981
009289,0.1425
009290,0.2165
009295,0.1692
009309,0.1914
009311,
009312,
009314,
009315,0.2067
009318,0.1437
009321,0.1613
009322,0.1398
009337,0.2067
009338,0.2449
009339,0.2449
009349,0.089
009351,0.089
009352,0.089
009353,0.089
009354,0.089
009355,0.089
009356,0.1515
009358,0.2449
009359,0.2133
009365,
009373,0.1704
009375,0.1832
009377,0.1576
009379,0.197
009381,0.1819
009382,0.1819
009383,0.1819
009392,0.2069
009393,0.2069
009394,0.1908
009413,0.1529
009415,0.1656
009420,0.1261
009421,0.1366
009422,0.1366
009429,0.1515
009430,0.1515
009431,0.1514
009445,0.1922
009446,0.1791
009447,0.1791
009448,0.0679
009449,0.1562
009451,0.1851
009452,0.1851
009453,
009454,0.1802
009455,0.1802
009456,0.1851
009457,
009458,0.1851
009459,0.1851
009460,0.1851
009461,0.1851
009462,0.2019
009463,0.1979
009465,0.2012
009466,0.1997
009467,0.1867
009468,0.2012
009469,0.1866
009470,0.2012
009471,0.1806
009472,
009473,
009474,0.2012
009475,0.1997
009480,0.1815
009481,0.1414
009482,0.1781
009483,0.1822
009484,0.1822
009485,0.1866
009486,0.1593
009487,0.1897
009491,0.1607
009492,0.1579
009493,0.1607
009494,0.1607
009495,0.1379
009498,0.078
009499,0.1819
009500,0.1819
009501,0.078
009503,0.1404
009504,0.1404
009508,0.1451
009509,0.1468
009510,0.1451
009511,0.1364
009512,0.1468
009513,0.1451
009514,0.1396
009515,0.1397
009516,0.1397
009520,0.1617
009521,0.1237
009522,0.1617
009524,0.1717
009534,0.1818
009536,0.1459
009537,0.193
009538,0.1646
009539,0.1935
009540,0.1354
009541,0.1997
009543,0.1607
009544,0.1358
009546,0.1851
009548,0.2012
009549,0.1634
009550,0.1579
009551,0.1532
009554,0.1862
009555,0.1397
009557,
009558,0.1512
009563,0.2027
009564,0.204
009566,
009568,0.183
009569,0.1681
009570,0.1846
009572,0.1366
009573,0.1366
009574,0.1366
009575,0.1366
009576,0.1268
009577,0.1997
009578,0.1997
009581,0.1468
009582,0.1884
009584,0.2042
009587,0.1369
009588,0.1535
009592,0.1643
009625,0.1781
009631,
009652,0.1646
009659,0.1397
009667,0.1846
009675,
009676,0.0
009684,0.153
009685,0.153
009691,0.171
009692,0.1669
009693,0.1663
009698,0.1814
009699,0.1553
009704,0.1832
009705,0.1604
009706,0.1548
009707,0.1822
009708,0.1822
009715,0.2385
009716,0.2385
009717,0.2109
009718,0.2109
009719,0.2109
009728,0.213
009729,0.1781
009730,0.1517
009743,0.1702
011313,0.1791
011320,0.1862
011321,0.1862
011322,0.1486
011495,0.1553
011715,0.1445
011723,0.1665
011725,0.1445
011726,0.1916
011762,0.1541
011773,0.1445
016532,0.1441
016725,0.1177
016727,0.1846
019313,0.1781
019314,0.1781
019316,0.1822
022005,0.1736
036678,0.1517
038671,0.1635
038673,0.1635
038674,0.1635
038675,0.1575
038678,0.1635
038680,0.1635
038682,0.1635
038683,0.1635
038686,0.1635
038687,0.1644
038692,0.1635
038717,0.1913
038791,0.1356
040525,0.1674
040526,
040608,0.078
040609,0.1391
040612,0.1415
040761,0.1703
040762,0.1717
040763,0.1703
040789,0.1428
041071,0.1654
041092,0.1336
041093,0.1378
041094,0.1378
041095,0.1424
041209,0.2133
042933,0.1927
042934,
043192,0.1781
043193,0.1781
043331,0.1982
043341,0.1792
043342,0.1244
043343,0.151
043548,0.1822
043554,0.1798
043555,0.1805
043556,0.1802
043571,0.1562
044076,0.1336
044127,0.169
044135,0.1459
044388,0.1982
044557,0.1512
044637,0.2801
044638,0.1394
045755,0.183
047671,0.1401
048471,0.1478
048505,0.1913
048506,0.1913
048519,0.166
049170,0.2318
049171,0.2303
049172,0.2303
049174,
049177,0.1112
049178,0.1112
049180,0.1216
049182,0.1216
049183,0.1216
049185,0.1503
049892,
049893,
049894,
049895,
049896,
049897,
049898,
049900,0.1599
049903,
050184,0.1938
050279,0.1866
056123,0.1227
056124,0.1227
056161,0.2069
056162,0.204
056163,0.2027
056165,0.2262
056166,0.2061
056168,0.2262
056169,0.2099
056170,0.2383
056172,0.2383
056173,0.2262
056174,0.2115
056187,0.2115
056188,0.2115
056189,0.1532
061136,0.2037
061188,0.1518
061222,0.1552
061223,0.1521
061224,0.1521
061225,0.1515
061226,0.1514
061227,0.155
061231,0.1912
061232,0.1722
061233,0.1851
061234,0.1851
061236,0.1851
061237,0.1768
061238,
061271,0.1552
061272,0.2156
061273,0.155
061274,0.1515
061275,0.1515
061277,0.1515
061278,0.1515
061280,0.1515
061286,0.2134
061350,0.1613
061351,0.156
061368,0.1616
062511,0.1515
062512,0.1515
062513,0.2019
062514,0.2019
062515,0.0679
062516,0.1562
062517,0.1556
062518,0.1138
062519,0.1521
062521,0.1931
062522,0.1562
062607,
062608,
062620,
062621,
062622,
062726,0.1851
062756,
062757,
062759,0.1931
062815,0.1791
062861,0.1216
062942,0.1337
063399,
064208,0.0768
064209,0.0768
064210,0.0768
064212,0.0768
064214,0.0768
064215,0.0768
064377,0.2374
066434,0.193
066451,0.164
066452,0.17
066453,0.1917
066454,0.164
066455,
066456,0.1702
066457,0.1889
066458,0.1697
066459,0.1889
066460,0.1697
066679,0.1841
066680,0.1837
066681,0.1845
066682,0.1849
066683,0.1845
066684,0.1852
066685,0.1845
066686,0.1841
066687,0.0986
066688,0.1845
066697,0.1845
066698,0.1598
066699,0.1598
066700,0.1598
066711,0.0904
066712,0.1751
066713,0.1751
066714,0.0771
066715,0.0904
066716,
066717,0.0904
066718,
066719,0.0904
066720,
066722,0.0771
066828,0.1387
066856,0.176
066969,0.1845
067592,0.1875
069089,0.1536
069090,0.1536
069091,0.1525
069092,0.1679
069093,0.1526
069403,0.175
071262,0.1917
071659,0.1879
072851,0.1523
072934,0.0
072935,0.0852
073152,0.1521
075220,0.2073
075654,0.1728
075655,0.1869
075744,0.1514
076394,0.0194
076395,0.0541
076396,0.1273
076397,0.0541
076398,0.0541
076399,0.0541
078004,0.1517
078064,
081565,0.1517
081950,0.1997
081954,0.18
082200,0.1493
082617,0.1515
082623,0.1835
083329,0.0679
083330,0.1562
083331,0.1879
083777,0.1997
085772,0.1897
086855,0.1654
086856,0.1471
086857,0.1601
086858,0.1927
086859,0.193
086866,0.1948
086874,0.1545
086875,0.1532
086876,0.1532
086880,0.1927
086885,0.1471
087373,0.2081
090482,0.1121
090915,0.1912
091120,
091338,0.1457
091816,0.1503
091817,0.1503
091821,0.1503
096830,0.2151
099342,0.1892
099343,0.1892
099344,0.1856
099629,0.1514
099630,0.1514
099631,0.1514
099632,0.1514
099634,0.1515
100836,0.2262
100837,0.1832
100838,0.2383
102283,
102568,0.1832
102569,0.1832
102602,0.1551
102797,0.1683
103897,0.1367
105925,0.1914
106324,0.166
106325,0.1404
108188,0.1697
108458,0.1697
108550,0.1654
109462,0.2031
109565,0.1692
109566,0.177
109702,0.1882
CS007899,0.1515
CS009703,0.2165
CS050182,0.1626
CS050183,0.1537
CS056176,0.2262
CS056230,0.1992
CS056232,0.1613
CS107475,0.2287
CSF00062,0.1861
CSF00094,0.1874
CSF00097,0.1726
CSF00140,0.1659
CSF00185,0.159
CSF00461,0.2042
CSF00471,0.2049
CSF00481,0.2049
CSF00483,0.1957
CSF00487,0.1977
CSF00511,0.1736
CSF00568,0.1495
CSF00579,0.1689
CSF00619,0.171
CSF00625,0.171
CSF00632,0.1669
CSF00678,0.2036
CSF00897,0.1512
CSF00913,0.1503
CSF00958,0.1914
CSF00960,0.1902
CSF00997,0.1913
CSF00999,0.1138
CSF01019,0.1956
CSF01025,0.1879
CSF01093,0.1942
CSF01096,0.1945
CSF01101,0.1945
CSF01108,0.1931
CSF01289,0.1941
CSF01415,0.1674
CSF01489,0.1683
CSF01820,0.1401
CSF02307,0.1547
CSF02481,0.1873
CSF02680,0.189
CSF02684,0.1731
CSF03293,0.1913
CSF03409,0.1913
CSF03411,0.1919
CSF03414,0.1744
CSF03416,0.1744
CSF03417,0.1744
CSF03419,0.1775
CSF03421,0.1913
CSF03423,0.1421
CSF03425,0.1464
CSF03785,0.1626
CSF03788,0.1626
CSF03884,0.1606
CSF03930,0.1717
CSF04052,0.2078
CSF04150,0.2338
CSF04183,0.1381
CSF04272,0.2288
CSF04319,0.1379
CSF04369,0.1972
CSF04534,0.2156
CSF04540,0.2135
CSF04546,0.2156
CSF04548,0.2067
CSL008159,0.1754
CSLM1HTV,0.151
CSLM1MUV,0.1469
CSLM1OKV,0.1908
CSLM1OPV,0.1913
CSLM1SFV,0.151
CSLM1VTV,0.1913
CSLM2BLA,0.1986
CSLM2OVE,0.1438
CSLM2PF1,0.1583
CSLM2PU2,0.1586
CSLM3AHG,0.1631
CSLM3LED,0.1879
CSLM3NTF,0.1932
CSLM3NYA,0.1871
CSLM4BP1,0.1846
CSLM4FT1,0.1977
CSLM4KFD,0.2447
CSLM4MKF,0.1846
CSLM4SG1,0.1978
CSLM4UK1,0.1846
CSLMXKPB,0.1987
F00001,
F00002,
F00003,
F00004,0.1537
F00005,0.1486
F00006,
F00007,
F00008,0.1486
F00009,0.1331
F00010,
F00011,0.1331
F00012,
F00013,
F00014,0.1526
F00015,0.1526
F00016,0.17
F00017,0.1702
F00018,0.1716
F00019,0.1567
F00020,0.1545
F00022,0.155
F00023,0.1547
F00024,0.1548
F00025,0.155
F00026,0.1553
F00027,0.155
F00028,0.1524
F00029,0.1526
F00030,0.1523
F00031,0.1526
F00032,0.1523
F00033,0.1526
F00034,0.1526
F00035,0.1526
F00036,0.1526
F00045,
F00047,
F00048,0.193
F00051,
F00052,
F00057,0.1874
F00066,0.1875
F00067,0.1875
F00069,0.1526
F00070,0.1526
F00071,0.1552
F00072,0.1526
F00073,0.1526
F00074,
F00076,
F00077,
F00078,0.1526
F00079,
F00080,0.0
F00081,
F00082,0.1526
F00083,0.193
F00084,
F00085,
F00086,0.1525
F00087,0.1817
F00088,
F00089,0.1524
F00090,0.1526
F00091,0.1524
F00092,0.1526
F00095,0.1702
F00096,0.1817
F00098,0.1817
F00099,
F00102,
F00103,0.0852
F00104,0.1931
F00105,0.0
F00106,0.0
F00107,0.0852
F00108,0.2447
F00110,0.1931
F00111,0.1931
F00113,0.0
F00114,0.1526
F00119,0.098
F00120,0.0768
F00121,0.098
F00122,0.0768
F00123,0.098
F00124,0.1481
F00125,0.151
F00126,0.098
F00127,0.098
F00128,0.098
F00129,0.1628
F00130,0.1628
F00131,0.1631
F00132,0.1631
F00133,0.1663
F00135,0.1484
F00136,0.1663
F00137,0.1659
F00138,0.1663
F00141,0.1526
F00142,0.1228
F00143,
F00144,0.18
F00147,0.1509
F00148,0.1535
F00149,0.1493
F00150,0.1509
F00151,0.1511
F00152,0.0795
F00153,0.1526
F00154,0.1525
F00155,0.1491
F00156,0.1529
F00157,0.1529
F00158,0.1529
F00159,0.1518
F00160,0.1357
F00161,0.137
F00162,0.1512
F00163,0.1512
F00164,0.15
F00165,0.15
F00166,0.1506
F00167,0.1515
F00168,0.1543
F00169,0.1378
F00170,0.153
F00171,0.1535
F00172,0.1543
F00173,0.1493
F00174,0.1509
F00175,0.1493
F00176,0.151
F00177,0.1493
F00178,0.1493
F00179,0.1723
F00180,0.1493
F00181,0.1723
F00182,0.1493
F00183,0.1723
F00184,0.1493
F00187,0.1535
F00188,
F00189,0.1536
F00191,0.1536
F00192,0.1525
F00193,0.1242
F00194,0.1526
F00195,
F00196,0.1242
F00198,0.1526
F00199,0.1154
F00201,
F00202,0.1242
F00203,
F00204,
F00205,
F00206,
F00207,0.0025
F00208,
F00209,0.0025
F00210,
F00211,0.1502
F00212,
F00213,0.1396
F00214,0.1392
F00215,0.1513
F00216,0.1392
F00217,0.1396
F00218,0.0795
F00219,0.1396
F00220,0.0025
F00221,0.0795
F00222,
F00223,0.0025
F00224,
F00225,
F00226,
F00227,
F00228,0.0025
F00229,
F00230,
F00231,
F00232,0.18
F00233,
F00234,0.1536
F00235,0.1536
F00236,0.1536
F00237,0.1536
F00239,0.1679
F00240,0.1541
F00241,0.1486
F00242,0.1529
F00243,0.148
F00244,0.1679
F00245,0.1663
F00246,0.1679
F00247,0.1679
F00248,0.1679
F00249,0.159
F00250,0.1663
F00251,0.151
F00252,0.1679
F00253,0.151
F00254,0.1679
F00255,0.151
F00256,0.1679
F00257,0.1481
F00258,0.151
F00259,0.1478
F00260,0.151
F00261,0.1478
F00262,0.1481
F00264,0.1478
F00265,0.1481
F00266,0.1478
F00267,0.1478
F00268,0.1488
F00269,0.1478
F00270,0.1488
F00271,0.1511
F00272,0.1478
F00273,0.1478
F00278,0.1504
F00279,0.149
F00280,0.1418
F00281,0.138
F00282,0.145
F00283,0.1451
F00284,0.1451
F00285,0.1512
F00286,0.1451
F00287,0.1527
F00288,0.138
F00289,0.1525
F00292,0.1392
F00293,0.1396
F00294,0.1396
F00295,0.1396
F00296,0.152
F00297,0.1526
F00298,0.1532
F00299,0.1396
F00300,0.1392
F00301,0.1525
F00302,0.1521
F00303,0.1526
F00304,0.1521
F00305,0.1517
F00307,0.1517
F00308,0.1501
F00310,0.1434
F00311,0.1495
F00312,0.1495
F00313,0.144
F00314,0.165
F00315,0.1445
F00316,0.1875
F00317,0.1445
F00318,0.1875
F00319,0.1445
F00320,0.1363
F00321,0.2917
F00322,0.2917
F00323,0.1445
F00324,0.1495
F00325,0.139
F00326,0.1495
F00327,
F00328,0.1445
F00329,
F00330,0.139
F00331,
F00332,0.139
F00345,0.1875
F00346,0.1875
F00347,0.1875
F00348,0.1928
F00372,0.1521
F00373,0.1529
F00408,0.1529
F00409,0.1529
F00410,0.1529
F00411,0.1521
F00412,0.1517
F00414,0.1495
F00415,0.1495
F00416,0.1466
F00417,0.2917
F00422,0.1521
F00423,0.1478
F00424,0.1478
F00425,0.1529
F00426,0.1551
F00427,0.1526
F00428,0.1525
F00429,0.1495
F00430,0.1383
F00431,0.1383
F00432,0.1495
F00435,0.1341
F00436,
F00437,
F00438,0.1723
F00439,0.2013
F00440,0.1862
F00441,0.1862
F00442,0.1982
F00443,0.1862
F00444,0.1862
F00445,0.1723
F00446,0.2013
F00447,0.1856
F00448,0.2089
F00449,0.1758
F00450,0.2013
F00451,0.1945
F00452,0.1856
F00453,0.2074
F00454,0.1988
F00455,0.208
F00456,0.2049
F00457,0.2041
F00458,0.2069
F00459,0.2049
F00460,0.2042
F00462,0.1838
F00463,0.1976
F00464,0.1976
F00465,0.1917
F00466,0.1935
F00467,0.187
F00468,0.2042
F00469,0.2042
F00473,0.1868
F00474,0.1868
F00475,0.1976
F00476,0.2049
F00477,0.1821
F00478,0.2049
F00482,0.2037
F00485,0.1719
F00486,0.17
F00489,0.208
F00490,0.0469
F00491,0.0469
F00493,0.0469
F00494,0.0469
F00495,0.1934
F00496,0.0469
F00497,0.1815
F00498,0.0469
F00499,0.1683
F00500,
F00501,
F00502,0.17
F00504,0.1683
F00505,0.1683
F00506,0.1683
F00507,0.1486
F00508,0.1652
F00509,0.1599
F00512,0.1862
F00513,0.1862
F00514,0.0558
F00515,0.1862
F00516,0.0558
F00517,0.0558
F00518,0.1865
F00519,0.1492
F00520,0.1995
F00521,0.15
F00522,0.1947
F00523,0.2032
F00524,0.1865
F00529,0.0541
F00530,0.0194
F00531,0.0541
F00532,0.0194
F00533,0.0541
F00534,0.1583
F00535,0.1583
F00536,0.1533
F00537,0.1533
F00538,0.1533
F00539,0.1533
F00540,0.1533
F00541,0.1533
F00542,0.1533
F00543,0.1533
F00544,0.1533
F00545,0.1533
F00546,0.1533
F00547,0.0558
F00548,0.0558
F00549,0.1995
F00550,0.181
F00551,0.1745
F00552,0.1533
F00553,0.1533
F00554,0.1533
F00555,0.1533
F00556,0.1533
F00557,0.1533
F00558,0.1648
F00559,0.1533
F00560,0.1533
F00561,0.1533
F00562,0.1533
F00563,0.1533
F00564,0.1533
F00565,0.1583
F00566,0.1503
F00567,0.1494
F00569,0.1519
F00570,0.1503
F00574,0.1486
F00575,0.1486
F00576,0.1091
F00577,0.171
F00580,0.1624
F00581,0.1624
F00583,0.1669
F00584,0.1507
F00585,0.1511
F00586,0.1496
F00587,0.171
F00588,0.1678
F00589,0.1719
F00590,0.1483
F00591,0.1493
F00592,0.1491
F00594,0.1491
F00595,0.1483
F00596,0.1491
F00597,0.1491
F00598,0.1483
F00599,0.148
F00602,0.1679
F00603,0.1669
F00604,0.1669
F00605,0.1556
F00606,0.1669
F00607,0.1669
F00608,0.1036
F00609,0.1036
F00610,0.1036
F00611,0.1486
F00612,0.1556
F00613,0.1678
F00614,0.1513
F00615,0.171
F00616,0.1719
F00617,0.1227
F00618,0.1553
F00620,0.171
F00621,0.171
F00622,0.1719
F00623,0.1719
F00626,0.1721
F00627,0.171
F00628,0.171
F00629,0.171
F00630,0.1227
F00631,0.1255
F00634,0.098
F00635,0.098
F00636,0.2085
F00637,0.1875
F00638,0.1838
F00639,0.1935
F00645,0.209
F00646,0.1838
F00649,0.187
F00650,0.209
F00653,0.1838
F00654,0.1935
F00655,0.0394
F00656,0.1935
F00657,0.0394
F00658,0.1913
F00659,0.0394
F00660,0.0394
F00661,
F00662,
F00663,0.0394
F00664,
F00665,
F00666,0.1908
F00667,0.1748
F00668,0.1748
F00669,0.1503
F00670,0.1255
F00671,0.1033
F00672,0.1533
F00673,0.1583
F00674,0.1533
F00676,0.0394
F00677,
F00679,0.1995
F00680,0.1648
F00681,0.1553
F00682,0.1815
F00683,0.0469
F00684,0.1483
F00685,0.1435
F00688,0.1036
F00690,0.1033
F00691,0.1921
F00692,0.1921
F00693,0.1503
F00697,0.1366
F00698,0.1366
F00699,0.1217
F00700,0.1157
F00701,0.1457
F00702,0.1512
F00703,0.1157
F00704,0.1512
F00705,0.1268
F00706,0.1147
F00707,0.1059
F00708,0.1459
F00709,0.1459
F00710,0.1459
F00711,0.1059
F00712,0.1459
F00713,0.1459
F00714,0.1459
F00715,0.1459
F00717,0.1459
F00718,0.1459
F00720,0.1459
F00721,0.1459
F00722,0.1459
F00723,0.1459
F00724,0.1459
F00725,0.1459
F00726,0.144
F00727,0.0771
F00728,0.1459
F00729,0.1438
F00730,0.0771
F00731,0.0771
F00732,0.1397
F00733,
F00735,0.1438
F00736,
F00739,0.1397
F00740,0.1397
F00743,
F00744,
F00746,
F00747,
F00748,0.1397
F00749,0.1397
F00750,0.1397
F00751,0.1397
F00752,0.1397
F00753,0.107
F00754,0.107
F00755,0.1459
F00756,0.107
F00757,0.107
F00758,0.1397
F00759,
F00760,0.1397
F00761,0.1397
F00762,0.1397
F00764,0.1404
F00767,0.1059
F00768,
F00769,0.1512
F00770,0.1059
F00771,
F00772,
F00773,0.1397
F00774,0.1512
F00775,0.1397
F00776,0.1512
F00777,0.1512
F00778,0.1512
F00779,0.1522
F00780,
F00781,
F00782,0.1512
F00783,0.1512
F00784,0.1512
F00785,0.1503
F00786,0.1503
F00787,
F00788,0.1512
F00789,0.1397
F00790,0.1522
F00791,0.1522
F00792,0.1397
F00793,0.1512
F00794,0.1512
F00795,0.1503
F00796,0.1512
F00797,0.1503
F00798,0.1503
F00799,0.1503
F00800,0.1507
F00801,0.1503
F00803,0.1503
F00804,0.1503
F00805,0.1503
F00806,0.1503
F00808,0.1512
F00809,0.1512
F00810,0.1512
F00811,0.1503
F00812,
F00813,0.1503
F00814,0.1503
F00815,0.1503
F00816,0.1503
F00817,0.1503
F00818,0.1503
F00819,0.1503
F00820,0.1503
F00821,0.1503
F00822,0.1503
F00823,0.1503
F00826,0.1438
F00827,
F00828,0.1503
F00829,0.1512
F00830,
F00831,
F00832,0.1921
F00833,0.1512
F00834,0.1512
F00835,0.1512
F00836,0.1639
F00837,0.1639
F00838,0.1659
F00840,0.1659
F00841,0.1397
F00842,
F00845,0.1397
F00846,0.1522
F00848,0.1512
F00849,0.1059
F00850,0.107
F00851,0.1512
F00852,0.1512
F00853,0.1397
F00854,0.1641
F00855,0.1503
F00856,0.1459
F00859,0.1397
F00861,0.1503
F00862,0.1503
F00863,0.1921
F00864,0.1516
F00867,0.1224
F00868,0.1268
F00869,0.1366
F00870,0.1157
F00871,0.1438
F00872,0.0771
F00873,0.1404
F00874,0.1397
F00875,0.1404
F00876,0.1512
F00877,0.1512
F00878,0.1503
F00879,0.1512
F00880,0.1397
F00881,0.1522
F00884,
F00885,0.1639
F00886,0.1639
F00887,
F00888,0.1659
F00889,0.1516
F00890,0.1921
F00891,0.1516
F00892,0.1921
F00893,0.1512
F00894,
F00895,
F00896,0.1512
F00899,0.1459
F00900,0.1438
F00901,0.0771
F00904,0.144
F00905,
F00906,0.1459
F00907,0.144
F00908,0.1459
F00909,0.1459
F00910,0.1503
F00916,0.1366
F00918,0.193
F00919,0.1931
F00921,0.1929
F00922,0.1931
F00923,0.1931
F00924,
F00925,0.1486
F00926,0.1348
F00929,
F00930,0.1351
F00931,0.121
F00932,0.1369
F00933,0.1879
F00935,0.1879
F00938,0.121
F00939,0.1201
F00940,0.1429
F00941,0.1925
F00942,0.1924
F00943,0.1914
F00944,0.1913
F00945,0.1913
F00950,0.1914
F00951,0.1931
F00966,0.1924
F00967,0.116
F00968,0.1081
F00969,0.1213
F00970,0.1887
F00971,0.1892
F00972,0.1892
F00973,0.1924
F00974,0.1127
F00975,0.1924
F00976,0.193
F00979,0.1914
F00980,0.193
F00981,0.193
F00982,0.193
F00983,0.193
F00985,0.1914
F00986,0.1921
F00990,0.1351
F00991,0.121
F01000,0.193
F01004,0.1931
F01005,0.1929
F01006,0.193
F01007,0.1931
F01010,0.193
F01011,0.1931
F01012,0.1982
F01013,0.1971
F01014,0.1982
F01015,0.1971
F01016,0.1982
F01017,0.1982
F01020,0.1246
F01021,0.121
F01022,0.1914
F01023,0.1879
F01028,0.1879
F01029,0.1879
F01030,0.1441
F01031,0.1924
F01032,0.1201
F01033,0.1924
F01034,0.1201
F01035,0.146
F01036,0.1458
F01037,0.1201
F01040,0.1458
F01041,0.1458
F01042,0.1441
F01043,0.1337
F01044,0.1121
F01045,0.1458
F01046,0.1121
F01047,0.1121
F01048,0.1556
F01051,0.157
F01054,0.151
F01055,0.1582
F01056,0.151
F01057,0.1424
F01058,0.1457
F01059,0.147
F01060,0.1352
F01061,0.1369
F01062,0.1369
F01066,0.1441
F01067,0.1441
F01068,
F01069,0.1441
F01070,0.1441
F01071,0.1441
F01072,0.1441
F01073,0.1352
F01074,
F01075,0.1913
F01076,0.1913
F01077,0.1913
F01078,0.1913
F01081,0.1919
F01082,0.1879
F01088,0.1918
F01089,0.1919
F01090,0.1458
F01091,0.1441
F01094,0.1458
F01097,0.1458
F01098,0.1337
F01099,0.1458
F01104,0.1458
F01105,0.1541
F01106,0.1441
F01107,
F01109,
F01110,0.1982
F01111,0.146
F01112,0.161
F01115,0.1201
F01116,0.1982
F01117,0.1616
F01118,
F01119,0.1458
F01120,0.1458
F01121,0.1556
F01122,0.1337
F01123,
F01124,0.1121
F01125,0.1121
F01126,0.1121
F01127,0.1121
F01128,
F01129,0.1121
F01130,0.1556
F01131,0.1121
F01134,0.1556
F01135,0.1121
F01136,0.1121
F01137,0.1352
F01138,0.1559
F01139,0.1556
F01140,0.1556
F01141,0.1556
F01142,0.1556
F01143,0.1616
F01144,0.1556
F01145,0.1556
F01146,0.1558
F01149,0.1556
F01150,0.1556
F01151,0.1556
F01159,0.156
F01160,0.1613
F01161,0.1982
F01162,0.1616
F01163,
F01164,0.1982
F01165,0.1982
F01166,0.1982
F01168,0.1976
F01169,0.1982
F01170,0.1982
F01171,0.1982
F01172,0.1556
F01173,
F01174,0.1818
F01175,0.1931
F01176,0.1818
F01177,0.1542
F01180,0.159
F01181,0.159
F01182,0.1613
F01183,0.1613
F01184,0.0
F01185,
F01186,0.1551
F01187,0.1551
F01191,0.1317
F01192,0.1683
F01194,0.1317
F01197,0.1317
F01199,0.1618
F01200,0.161
F01201,0.1618
F01204,0.1317
F01205,0.1818
F01207,0.1818
F01208,0.1551
F01209,0.1256
F01210,0.0
F01211,0.1094
F01212,0.1606
F01213,0.154
F01214,0.0
F01215,0.1616
F01218,0.159
F01219,0.159
F01220,0.1634
F01221,0.1551
F01222,0.1638
F01223,0.1551
F01224,0.1589
F01225,0.155
F01226,0.1551
F01227,0.1551
F01228,
F01229,
F01234,0.1317
F01235,0.1654
F01236,0.126
F01237,
F01240,0.1551
F01241,0.1551
F01245,0.1654
F01246,0.1654
F01248,0.1654
F01249,0.1654
F01250,0.1613
F01251,0.1613
F01258,0.1551
F01260,0.1944
F01263,0.1586
F01264,0.159
F01265,0.1586
F01266,0.1586
F01267,0.1586
F01270,0.1586
F01271,0.1512
F01274,0.1592
F01275,0.1588
F01278,0.0
F01279,0.0
F01280,0.0
F01281,0.0
F01286,0.1935
F01294,0.0
F01296,0.0
F01298,0.0
F01300,0.0696
F01301,0.0
F01302,0.0
F01303,0.1217
F01309,0.1616
F01310,0.1616
F01311,0.1613
F01314,0.1613
F01316,0.1594
F01317,0.1594
F01319,0.1594
F01321,0.1594
F01322,0.1613
F01323,0.1594
F01328,0.1512
F01329,0.1585
F01330,0.155
F01331,0.0
F01332,0.1606
F01333,0.1551
F01334,0.1542
F01337,
F01339,
F01340,
F01341,0.0566
F01342,
F01343,0.1931
F01345,
F01346,0.2133
F01349,0.1713
F01350,0.0566
F01351,0.1674
F01352,0.1875
F01355,0.1674
F01356,0.2165
F01357,0.1721
F01358,0.1674
F01359,0.1674
F01360,0.1395
F01363,0.0
F01364,0.0
F01365,0.1337
F01366,0.2297
F01367,0.2424
F01368,0.126
F01369,0.1334
F01370,0.2525
F01371,0.2396
F01373,0.291
F01374,0.2133
F01376,0.2133
F01378,0.2087
F01379,0.1317
F01380,0.1317
F01381,0.1317
F01382,
F01384,0.1697
F01386,0.1697
F01387,0.1697
F01388,0.1697
F01390,0.1697
F01391,
F01393,0.1674
F01394,
F01395,0.0
F01396,0.1702
F01397,0.1697
F01398,0.1674
F01399,0.1452
F01400,0.1931
F01401,0.2165
F01403,0.2166
F01407,0.2165
F01408,0.0
F01411,0.1697
F01412,0.2165
F01413,
F01414,0.1674
F01417,0.1674
F01418,0.1674
F01419,0.1674
F01420,0.1886
F01421,0.1713
F01422,0.1717
F01423,0.172
F01424,0.1713
F01425,0.1886
F01426,0.2396
F01427,0.1717
F01428,0.1713
F01429,0.1674
F01430,
F01431,
F01432,0.1799
F01434,0.1884
F01435,0.1721
F01436,0.1755
F01437,0.1717
F01439,0.1755
F01440,0.1994
F01441,0.2087
F01442,0.1731
F01443,0.1721
F01444,0.1755
F01445,0.1701
F01446,0.1718
F01447,0.2276
F01448,0.1701
F01449,0.058
F01450,0.1698
F01451,0.1715
F01452,0.1701
F01453,0.1701
F01454,0.1701
F01455,0.1703
F01456,0.1703
F01457,0.17
F01458,0.1701
F01459,0.1703
F01461,0.1701
F01462,0.1701
F01463,0.169
F01464,0.1945
F01465,0.1683
F01466,0.1691
F01467,0.0
F01468,0.0
F01469,0.0
F01470,
F01471,0.0
F01474,0.1873
F01475,0.2396
F01476,0.1334
F01477,0.1337
F01478,0.1334
F01479,0.0
F01481,0.1334
F01482,0.1334
F01483,0.1362
F01484,0.1481
F01485,0.1362
F01486,0.1362
F01487,0.1334
F01488,0.0
F01491,0.1683
F01492,0.1337
F01495,0.1683
F01496,0.1878
F01497,0.1692
F01498,0.1617
F01499,0.1674
F01500,0.1617
F01502,0.1623
F01503,0.17
F01504,0.17
F01506,0.17
F01507,0.1674
F01508,0.17
F01511,0.0
F01512,0.0
F01513,0.126
F01514,0.1764
F01515,0.2133
F01518,0.2133
F01519,0.2133
F01525,0.2297
F01526,0.0
F01530,0.1927
F01531,0.126
F01532,0.0
F01533,0.1551
F01534,0.194
F01535,0.1665
F01536,0.1665
F01537,0.1551
F01538,0.1665
F01539,0.194
F01540,0.1671
F01545,0.1766
F01546,0.1333
F01547,
F01548,
F01549,0.144
F01550,0.1415
F01551,0.1415
F01552,0.1415
F01553,0.1569
F01554,0.1569
F01555,
F01556,
F01557,
F01558,
F01559,
F01560,0.1567
F01561,0.0495
F01562,
F01563,0.159
F01564,0.159
F01565,0.159
F01566,0.159
F01567,0.159
F01568,0.1522
F01569,0.1592
F01570,0.1592
F01571,0.159
F01572,0.1592
F01574,0.1356
F01575,0.0
F01576,
F01577,0.1356
F01578,
F01579,
F01580,
F01581,0.1425
F01582,
F01583,0.1425
F01584,0.1421
F01585,0.1425
F01586,
F01587,
F01588,0.1401
F01589,0.1401
F01590,0.1401
F01591,0.1401
F01592,0.1401
F01593,0.1401
F01594,0.1401
F01595,0.1401
F01596,0.1401
F01597,0.1401
F01600,0.1401
F01601,0.1415
F01602,0.1415
F01603,0.1415
F01604,0.1291
F01605,0.1483
F01606,0.1586
F01608,0.1569
F01609,0.1258
F01610,0.1258
F01611,0.1258
F01612,0.1258
F01613,
F01614,0.1586
F01615,0.1402
F01616,
F01617,
F01618,
F01619,0.1402
F01620,0.1402
F01621,0.1402
F01622,0.1402
F01623,0.123
F01624,0.1402
F01625,0.123
F01626,0.123
F01628,
F01629,
F01630,0.123
F01631,
F01636,0.1356
F01637,0.194
F01638,0.1662
F01639,0.1356
F01640,0.1356
F01641,0.155
F01642,
F01644,
F01645,0.1593
F01646,0.1356
F01647,
F01648,
F01649,0.1522
F01650,
F01652,
F01653,0.156
F01655,
F01658,
F01659,
F01660,
F01661,
F01662,
F01664,
F01665,
F01666,
F01667,
F01668,0.123
F01669,0.0299
F01670,0.123
F01671,0.0299
F01672,
F01673,
F01674,0.1421
F01676,0.1421
F01677,0.1421
F01678,0.1415
F01679,0.1421
F01681,0.1421
F01682,0.1421
F01683,0.1421
F01684,0.1401
F01685,0.1401
F01686,0.1415
F01687,
F01688,
F01689,0.1401
F01690,
F01691,
F01692,0.1177
F01693,0.1421
F01694,0.1425
F01695,0.1177
F01696,0.1401
F01697,0.1421
F01698,0.1401
F01699,0.1401
F01700,0.1421
F01701,0.1401
F01703,
F01704,0.1401
F01705,
F01706,0.1415
F01707,0.1415
F01708,0.1421
F01709,0.1421
F01710,0.1415
F01711,0.1415
F01712,0.1401
F01713,0.1415
F01714,0.1401
F01715,0.1457
F01716,0.1574
F01717,0.1258
F01718,0.1607
F01719,0.1481
F01720,0.1445
F01721,0.1445
F01722,0.1445
F01723,0.1333
F01724,
F01725,0.155
F01726,
F01727,
F01728,0.123
F01729,
F01730,
F01731,0.159
F01732,0.159
F01733,0.1586
F01734,0.159
F01735,0.1614
F01736,0.1567
F01737,0.1567
F01738,0.1567
F01739,0.1441
F01741,0.1441
F01744,0.1567
F01745,0.1567
F01746,
F01756,0.1398
F01757,0.1398
F01769,0.1398
F01770,0.1402
F01771,0.1258
F01772,
F01773,0.1403
F01774,0.1258
F01775,0.1403
F01776,0.1435
F01777,0.1522
F01778,0.1435
F01779,
F01780,
F01781,0.1399
F01782,0.1402
F01783,0.1402
F01784,0.1258
F01785,0.1258
F01786,0.1258
F01787,0.1258
F01788,0.1435
F01789,
F01790,0.1404
F01791,0.1404
F01794,0.1356
F01795,
F01796,0.1511
F01797,0.1558
F01798,0.1468
F01799,0.1468
F01800,0.1356
F01803,0.1356
F01804,
F01805,0.1511
F01806,0.1511
F01807,0.1511
F01808,0.1415
F01810,0.1415
F01811,0.1401
F01812,0.1415
F01813,0.1401
F01814,0.1258
F01815,0.1258
F01816,0.1258
F01817,0.1258
F01818,
F01819,0.1402
F01822,
F01823,0.1402
F01824,
F01825,0.1402
F01826,0.1402
F01827,
F01829,
F01830,0.1421
F01831,
F01832,0.123
F01833,0.1415
F01834,0.1421
F01835,0.1415
F01836,0.1421
F01837,
F01838,0.115
F01839,
F01840,
F01841,0.1401
F01842,0.1401
F01843,0.1401
F01844,0.1177
F01845,0.1401
F01846,0.1455
F01847,0.1574
F01848,0.1474
F01849,0.1445
F01850,0.1399
F01851,0.1403
F01852,0.1403
F01853,0.1435
F01854,
F01855,0.1404
F01856,
F01857,0.1468
F01858,0.1569
F01859,0.1569
F01860,0.1398
F01861,0.1402
F01862,0.1402
F01863,0.1398
F01864,0.1474
F01865,0.1474
F01866,0.1415
F01867,0.1401
F01868,0.1569
F01869,0.1569
F01870,0.1582
F01872,0.1569
F01873,0.1569
F01874,0.1569
F01875,0.1569
F01880,
F01881,0.0679
F01883,
F01885,0.1564
F01886,0.1564
F01888,0.1564
F01889,0.1564
F01890,0.1564
F01891,0.1564
F01892,0.1564
F01893,0.2204
F01894,0.2156
F01895,0.2323
F01896,0.2156
F01897,0.2134
F01898,0.2151
F01899,0.1592
F01900,0.159
F01901,0.2156
F01902,0.2061
F01903,0.1997
F01904,0.1997
F01905,0.1997
F01908,0.089
F01909,0.089
F01913,0.089
F01914,0.1967
F01915,0.1722
F01916,0.1514
F01917,0.1591
F01918,0.1514
F01919,0.1514
F01920,0.1514
F01921,0.1514
F01922,0.1514
F01923,0.1514
F01924,0.1514
F01925,0.1514
F01926,0.1521
F01927,0.1514
F01928,0.1521
F01929,0.1514
F01930,0.1521
F01931,0.1518
F01932,0.089
F01933,0.1521
F01934,0.1515
F01935,0.089
F01936,0.089
F01937,0.089
F01938,0.186
F01939,0.1989
F01940,0.1717
F01941,0.1519
F01942,0.1717
F01943,0.1709
F01944,0.186
F01945,0.186
F01946,0.1515
F01947,0.1515
F01948,0.1515
F01951,0.1515
F01952,0.1515
F01955,0.1514
F01956,0.1514
F01958,0.1692
F01959,0.1515
F01960,0.1912
F01962,0.1722
F01964,
F01965,0.1889
F01966,
F01967,
F01968,
F01969,
F01972,0.2006
F01973,0.1279
F01974,0.2006
F01975,
F01976,0.2006
F01977,
F01980,
F01981,
F01984,
F01985,0.2928
F01986,0.1144
F01988,0.1144
F01989,0.1352
F01990,0.1352
F01991,0.1846
F01992,0.122
F01995,0.1846
F01997,0.1846
F01998,0.1846
F01999,0.1846
F02000,0.1846
F02003,0.1846
F02004,
F02006,0.1889
F02007,
F02009,0.1352
F02010,
F02013,
F02014,
F02016,0.1709
F02017,
F02019,
F02020,0.1709
F02021,0.2006
F02022,
F02024,0.1709
F02025,0.1997
F02026,0.1709
F02027,0.1997
F02028,0.1791
F02029,0.1791
F02030,0.1997
F02031,0.1997
F02032,0.1692
F02033,0.1515
F02034,0.2451
F02035,0.1514
F02038,0.1514
F02039,0.1506
F02040,0.1692
F02042,0.1514
F02044,0.1514
F02046,0.2275
F02047,0.1506
F02048,0.1794
F02051,
F02052,0.1514
F02053,0.1514
F02054,0.1512
F02055,0.1417
F02056,0.1521
F02057,0.1516
F02058,0.1417
F02059,0.1417
F02060,0.1417
F02061,0.1521
F02062,0.1526
F02063,0.1526
F02064,0.1417
F02065,0.1526
F02066,0.1417
F02067,0.1417
F02068,0.1417
F02071,0.1417
F02072,0.1417
F02073,0.1417
F02074,0.1417
F02075,0.1372
F02076,0.1417
F02077,0.1456
F02078,0.1417
F02079,0.1456
F02080,0.1417
F02081,0.1507
F02082,0.1507
F02083,0.1507
F02084,0.1507
F02085,0.1524
F02086,0.1471
F02087,
F02088,0.1514
F02089,0.0594
F02090,0.1514
F02091,0.0594
F02092,0.1514
F02093,
F02094,0.1514
F02095,0.1514
F02096,0.1544
F02097,0.1639
F02098,0.1524
F02099,0.1544
F02100,0.1535
F02101,0.164
F02102,0.1524
F02103,0.1535
F02104,0.1382
F02105,0.1524
F02106,0.1444
F02107,0.1535
F02108,0.1382
F02109,0.1486
F02110,0.14
F02111,0.1486
F02112,0.1486
F02113,0.1486
F02114,0.1512
F02115,0.1779
F02116,0.1808
F02119,0.1779
F02120,0.1771
F02121,0.1237
F02122,0.1336
F02123,0.1237
F02124,0.1144
F02126,0.1846
F02127,0.1815
F02128,0.1847
F02129,0.1847
F02130,0.1855
F02131,0.1817
F02132,0.1331
F02133,0.1817
F02134,0.1331
F02135,0.1855
F02136,0.1331
F02137,0.1855
F02138,0.1331
F02142,0.1944
F02143,0.1944
F02144,0.1944
F02145,0.1944
F02146,0.1846
F02147,0.1847
F02148,0.1846
F02149,0.1944
F02152,
F02153,0.2428
F02154,0.1846
F02155,0.2447
F02156,
F02159,0.0679
F02160,
F02161,0.0679
F02162,0.0679
F02163,0.1486
F02164,0.1444
F02165,0.1237
F02166,0.1486
F02167,0.1797
F02168,
F02169,0.1486
F02170,0.1779
F02171,0.1779
F02172,0.1808
F02173,0.1771
F02174,0.1771
F02180,0.1352
F02181,0.1692
F02182,0.2174
F02184,0.1794
F02194,0.1846
F02196,0.1846
F02197,0.1846
F02198,0.1846
F02200,0.1846
F02202,0.1794
F02203,0.1846
F02211,
F02212,
F02213,0.1912
F02214,0.1515
F02215,0.1514
F02216,0.1515
F02217,
F02218,0.1514
F02222,0.1352
F02224,0.2451
F02225,0.1382
F02226,0.1417
F02227,0.1417
F02228,0.1417
F02229,0.1417
F02232,0.1515
F02233,0.089
F02234,0.1144
F02235,0.1352
F02236,
F02237,0.1144
F02238,0.2451
F02239,0.1846
F02240,
F02241,
F02242,0.1516
F02243,0.1417
F02244,0.1526
F02245,0.1417
F02246,
F02247,0.1514
F02252,0.1808
F02253,0.1847
F02254,0.1855
F02255,0.1847
F02259,0.1889
F02260,
F02261,0.1144
F02262,0.1514
F02263,0.1997
F02264,0.1791
F02265,0.1717
F02266,
F02267,0.1514
F02270,
F02271,0.2784
F02272,0.2784
F02273,
F02274,0.0594
F02275,0.0594
F02276,
F02277,0.1471
F02278,
F02279,0.1572
F02280,0.1607
F02281,0.1572
F02282,0.1607
F02283,0.1607
F02284,0.1572
F02285,0.1667
F02286,0.1607
F02287,0.1607
F02288,0.1633
F02289,0.1609
F02290,0.1617
F02291,0.176
F02292,0.176
F02294,0.1641
F02295,0.154
F02296,0.1535
F02297,0.1633
F02298,0.1633
F02299,0.1632
F02300,0.1633
F02301,0.1632
F02302,0.1702
F02303,0.1716
F02305,0.1609
F02306,0.1609
F02309,
F02310,
F02311,0.1526
F02313,0.1726
F02314,0.1726
F02315,0.1726
F02316,0.2669
F02317,0.2669
F02318,0.2669
F02319,0.2669
F02320,0.1726
F02321,0.151
F02322,0.151
F02323,0.082
F02324,0.1345
F02325,0.082
F02326,0.082
F02327,0.0907
F02328,0.1459
F02329,0.1516
F02330,0.1529
F02332,0.1525
F02333,0.1521
F02335,0.1552
F02337,0.1521
F02338,0.1488
F02339,0.1514
F02340,0.1521
F02341,0.1492
F02342,0.1488
F02343,0.1488
F02344,0.082
F02345,0.148
F02346,0.082
F02347,0.0823
F02348,0.1251
F02349,0.1497
F02350,0.1276
F02351,0.1502
F02352,0.1543
F02353,0.153
F02355,0.1276
F02356,0.1251
F02357,0.1276
F02358,0.1251
F02359,0.1324
F02360,0.1324
F02361,0.1276
F02362,0.1276
F02364,0.1372
F02365,
F02366,0.082
F02367,0.082
F02368,0.082
F02369,0.082
F02370,
F02371,0.082
F02374,0.1324
F02375,0.1276
F02376,0.1324
F02377,0.1273
F02378,0.0401
F02379,0.1324
F02380,0.1324
F02383,0.1543
F02384,0.1298
F02385,0.1535
F02386,0.153
F02387,0.2669
F02388,0.1812
F02389,0.2185
F02390,0.1814
F02391,0.2185
F02392,0.1814
F02393,0.1814
F02394,0.1814
F02395,0.1814
F02396,0.1783
F02397,0.1814
F02398,0.1582
F02399,0.1758
F02400,0.176
F02401,0.176
F02402,0.154
F02403,0.154
F02404,0.154
F02405,0.0
F02406,0.0
F02407,0.1553
F02408,0.1552
F02409,0.1553
F02411,0.1553
F02413,0.1541
F02414,0.1538
F02415,
F02416,0.1779
F02417,0.151
F02420,0.1541
F02421,0.1552
F02422,0.1641
F02423,0.1786
F02424,0.17
F02425,0.176
F02426,0.176
F02427,0.082
F02428,0.082
F02429,0.1786
F02430,0.176
F02431,0.1572
F02433,0.176
F02434,0.1572
F02435,0.1572
F02436,0.1786
F02437,0.1572
F02438,0.1572
F02439,0.1572
F02440,0.2669
F02441,0.2185
F02442,0.2669
F02443,0.2669
F02444,0.2669
F02445,0.2784
F02446,0.2669
F02447,0.2784
F02448,0.2669
F02449,0.2784
F02450,0.2669
F02451,0.2784
F02452,0.2784
F02453,0.2784
F02454,0.2784
F02455,0.2784
F02456,0.2784
F02458,0.2185
F02459,0.2669
F02460,0.1521
F02461,0.1539
F02462,0.1512
F02464,0.1517
F02465,0.1517
F02466,0.1489
F02469,0.1517
F02470,0.1517
F02473,0.1517
F02477,0.1517
F02482,0.1251
F02483,0.1509
F02484,0.0401
F02485,0.1273
F02486,0.0401
F02487,0.1324
F02488,0.0
F02490,0.2784
F02492,
F02493,
F02494,0.1374
F02495,
F02496,0.1603
F02497,
F02498,0.1603
F02499,0.1374
F02500,0.171
F02501,0.1374
F02502,0.1603
F02503,0.171
F02504,0.1369
F02505,0.1374
F02506,
F02507,0.1216
F02508,0.1392
F02509,0.1392
F02510,0.1418
F02511,0.1369
F02512,0.1369
F02513,0.1441
F02514,0.1369
F02515,0.1441
F02516,0.1369
F02517,0.1369
F02519,0.1392
F02521,0.1369
F02522,
F02523,0.1351
F02524,0.1369
F02525,0.171
F02526,0.1603
F02527,0.1721
F02528,0.1603
F02532,0.1921
F02533,0.1277
F02534,0.1824
F02535,0.1841
F02538,0.1277
F02539,0.1277
F02540,
F02541,0.1239
F02542,0.1239
F02543,0.1503
F02544,0.1503
F02545,0.1239
F02547,0.1921
F02548,0.1921
F02549,0.1239
F02550,0.1239
F02551,0.1239
F02552,0.1286
F02553,0.1239
F02554,0.1239
F02557,0.1239
F02558,0.1239
F02559,0.1239
F02560,
F02561,0.1261
F02562,0.1921
F02563,0.1216
F02564,0.1216
F02565,0.1216
F02566,0.1216
F02567,0.1216
F02568,0.1216
F02569,0.1392
F02570,0.1216
F02571,0.1216
F02572,
F02573,0.1369
F02574,0.1112
F02575,0.1261
F02576,0.1261
F02577,0.1277
F02578,0.1428
F02579,0.1427
F02581,0.1387
F02583,0.1261
F02584,0.1261
F02585,0.1286
F02586,0.1286
F02587,0.1286
F02588,0.1239
F02589,0.1286
F02590,0.1286
F02591,0.1286
F02592,0.1239
F02593,0.1398
F02595,
F02596,0.1239
F02597,0.1336
F02600,0.1387
F02601,0.1387
F02602,0.1428
F02603,0.1387
F02604,0.1387
F02605,0.1387
F02606,0.1392
F02608,0.1406
F02610,0.1427
F02612,0.1441
F02615,0.1441
F02616,0.1429
F02617,0.1441
F02618,0.1441
F02620,0.1406
F02621,0.1406
F02623,0.147
F02624,0.1435
F02626,0.1406
F02627,0.1354
F02628,
F02629,0.1541
F02630,0.1261
F02631,
F02632,
F02635,0.1261
F02636,0.1239
F02639,0.1406
F02640,0.1362
F02642,0.1603
F02643,
F02645,0.1261
F02646,0.1261
F02647,0.1286
F02648,0.1261
F02649,0.1369
F02650,0.1369
F02653,0.1921
F02654,0.1277
F02655,0.1503
F02656,0.1239
F02657,0.1503
F02658,0.1239
F02659,0.1239
F02660,0.1239
F02663,0.1277
F02664,0.1277
F02665,0.1261
F02666,0.1277
F02667,0.1369
F02668,0.1286
F02670,
F02671,
F02672,0.1239
F02673,0.1239
F02674,0.1286
F02675,0.1286
F02676,0.1239
F02677,0.1261
F02687,0.2037
F02688,0.0934
F02692,0.1352
F02693,
F02694,
F02695,0.1541
F02698,
F02699,0.1379
F02700,
F02701,0.1121
F02702,0.0924
F02703,0.1121
F02704,
F02705,0.1121
F02706,0.1121
F02707,0.1121
F02708,0.1121
F02709,0.1319
F02711,0.1319
F02712,0.1319
F02713,
F02714,0.1121
F02715,0.1567
F02716,0.1576
F02717,0.1556
F02718,0.1559
F02720,0.1559
F02722,0.1559
F02723,0.1586
F02724,0.1319
F02725,0.1649
F02726,0.1613
F02730,0.1618
F02731,0.1614
F02732,0.1623
F02733,0.1319
F02734,0.1319
F02735,0.1319
F02736,0.1319
F02737,0.1319
F02738,0.1571
F02740,0.1567
F02741,0.1499
F02743,0.1567
F02744,0.1512
F02745,
F02746,0.1567
F02747,
F02748,0.1402
F02749,0.1402
F02750,0.1402
F02751,0.1402
F02752,0.1402
F02753,0.1402
F02755,0.1398
F02756,0.1398
F02758,0.1398
F02759,0.1499
F02760,0.1398
F02761,0.1398
F02762,0.1398
F02763,0.1398
F02764,0.1398
F02765,
F02766,0.1372
F02767,0.1398
F02768,0.1398
F02769,0.1398
F02770,0.1398
F02771,0.1398
F02772,0.1398
F02773,0.1372
F02774,
F02775,0.078
F02776,0.1398
F02777,0.1398
F02778,0.078
F02779,0.078
F02780,0.0716
F02781,0.078
F02782,0.0716
F02783,0.078
F02784,
F02785,0.078
F02786,0.1411
F02787,0.1409
F02788,0.1412
F02789,0.1412
F02790,0.1473
F02791,0.1372
F02792,0.1407
F02793,0.1407
F02794,0.1372
F02795,0.115
F02796,0.1402
F02797,0.1597
F02798,0.1372
F02799,0.1372
F02800,0.1407
F02801,0.1372
F02802,0.1372
F02803,0.1407
F02804,0.1473
F02805,0.1109
F02806,0.1407
F02807,0.1407
F02808,0.1407
F02809,0.1407
F02810,0.1407
F02811,0.1444
F02812,0.1458
F02813,0.1211
F02814,0.1473
F02815,0.1473
F02816,0.1473
F02817,0.1211
F02818,0.1567
F02819,0.145
F02820,0.1158
F02821,0.1211
F02823,0.1525
F02824,0.1158
F02826,0.1493
F02827,0.1493
F02828,0.1493
F02829,0.1229
F02830,0.115
F02831,0.115
F02832,0.1414
F02835,0.1493
F02836,0.1471
F02837,0.1414
F02844,0.1493
F02845,0.1493
F02846,
F02847,0.1493
F02848,
F02849,0.1493
F02850,0.2037
F02851,0.2037
F02852,0.1493
F02853,0.2037
F02854,0.2037
F02855,0.1738
F02857,0.1954
F02858,0.1837
F02859,0.2037
F02861,0.1414
F02863,0.185
F02865,0.1428
F02866,0.1428
F02867,0.1428
F02868,0.1428
F02869,0.1428
F02873,0.1414
F02875,0.1678
F02876,0.1414
F02879,0.1472
F02880,0.1472
F02881,0.1658
F02882,0.1428
F02884,0.1414
F02886,0.1414
F02893,
F02894,
F02895,0.1414
F02898,0.0889
F02899,0.1414
F02900,0.1046
F02901,0.1414
F02902,0.1428
F02903,0.1414
F02904,0.0889
F02905,0.1616
F02906,0.0889
F02907,0.0889
F02908,0.0889
F02909,0.1472
F02911,0.2025
F02913,
F02914,0.2037
F02915,0.1372
F02916,0.1372
F02917,0.1567
F02918,0.1372
F02923,
F02924,
F02925,0.1414
F02928,0.1567
F02929,0.1567
F02930,
F02931,
F02932,0.1339
F02933,
F02934,0.0716
F02935,0.078
F02936,0.0716
F02937,
F02938,0.1473
F02939,0.1372
F02940,0.1407
F02941,0.1458
F02942,0.1407
F02943,0.145
F02944,0.1473
F02945,0.2037
F02946,0.2037
F02947,0.1428
F02948,0.1694
F02951,0.1616
F02952,0.1414
F02953,0.0889
F02954,0.0889
F02955,0.0889
F02956,0.1372
F02957,
F02960,0.1493
F02961,0.1471
F02962,0.1428
F02963,0.1472
F02966,0.1414
F02967,0.1414
F02968,0.1398
F02969,0.1402
F02970,0.1402
F02971,0.1402
F02972,0.1493
F02973,0.1493
F02974,0.1419
F02979,0.1564
F02980,
F02981,0.1792
F02982,0.1827
F02983,0.1827
F02984,0.1792
F02985,0.1792
F02986,0.1827
F02987,0.1648
F02988,0.197
F02989,0.197
F02990,0.197
F02991,
F02992,0.197
F02993,
F02994,0.1934
F02997,
F02998,
F02999,
F03000,0.1503
F03001,0.1503
F03003,0.1503
F03004,0.1503
F03005,0.1503
F03008,0.1503
F03009,0.1503
F03010,0.1503
F03011,0.1573
F03012,0.1404
F03013,0.1573
F03014,0.1503
F03015,0.1573
F03016,0.1404
F03017,0.1573
F03018,0.1404
F03019,0.1404
F03020,0.1404
F03021,0.1404
F03022,0.1404
F03023,0.1404
F03024,0.1397
F03025,0.1573
F03026,0.166
F03028,0.1404
F03030,0.1573
F03032,0.1503
F03033,0.1397
F03034,0.1659
F03035,0.1659
F03036,0.1659
F03037,0.1659
F03038,
F03039,
F03040,
F03041,
F03042,
F03043,
F03045,0.1573
F03046,0.166
F03047,
F03048,0.166
F03049,0.1573
F03050,0.1573
F03051,0.1404
F03052,0.1404
F03053,0.1512
F03054,0.1244
F03055,
F03056,0.1244
F03057,0.1404
F03058,0.1244
F03059,0.125
F03060,0.1244
F03062,0.0934
F03063,0.1397
F03064,
F03065,0.1256
F03066,0.1954
F03067,0.1397
F03068,0.1573
F03069,0.2037
F03070,0.0934
F03071,0.1626
F03072,0.1248
F03073,0.0934
F03074,0.1954
F03075,0.2037
F03076,0.1954
F03077,0.2037
F03078,0.2037
F03079,0.1743
F03080,0.1954
F03081,0.1646
F03082,0.1646
F03083,0.1646
F03084,0.1954
F03085,0.1646
F03086,0.0889
F03087,0.0924
F03088,0.1646
F03089,0.2037
F03090,0.1721
F03091,0.2037
F03092,0.2037
F03094,0.0934
F03095,0.0934
F03096,0.0934
F03097,0.0934
F03098,0.1509
F03099,0.0934
F03100,0.1954
F03101,0.1954
F03102,0.0934
F03103,0.1811
F03104,0.0934
F03106,0.0934
F03107,0.0934
F03108,0.0934
F03109,0.0934
F03110,0.0934
F03111,0.1509
F03112,0.0889
F03113,
F03114,0.0934
F03115,0.1248
F03116,0.0934
F03117,0.0934
F03118,0.0934
F03119,0.1509
F03120,0.0934
F03121,0.0934
F03122,0.0934
F03123,0.0934
F03124,0.0934
F03125,0.1506
F03126,0.1757
F03127,0.1506
F03129,0.1506
F03130,0.0934
F03131,0.0934
F03133,0.0934
F03134,0.1509
F03135,0.1757
F03136,0.1757
F03137,0.1493
F03138,0.1757
F03139,0.1757
F03140,0.0934
F03141,
F03142,
F03143,0.197
F03144,0.1683
F03145,0.168
F03146,0.168
F03147,0.168
F03148,0.168
F03149,0.1757
F03150,0.168
F03151,0.1757
F03152,0.1757
F03153,0.1795
F03154,0.1757
F03155,0.1757
F03156,0.1509
F03158,0.1757
F03159,0.1506
F03160,0.1757
F03161,0.1757
F03162,0.1509
F03166,0.1757
F03167,0.1656
F03168,0.1743
F03169,0.1696
F03170,0.1404
F03171,0.1404
F03172,0.1646
F03173,0.1646
F03174,0.1646
F03175,0.1404
F03176,0.1404
F03177,0.0934
F03179,0.1573
F03180,0.2037
F03181,0.1646
F03182,0.116
F03183,0.116
F03184,
F03185,0.0934
F03186,0.0934
F03187,0.0934
F03188,0.1738
F03189,0.0934
F03190,0.0934
F03191,0.0934
F03192,0.1509
F03193,0.1506
F03194,0.1757
F03195,
F03196,0.1493
F03197,
F03198,0.197
F03199,0.0934
F03200,0.197
F03201,0.1757
F03202,0.168
F03203,0.1646
F03204,0.116
F03205,0.185
F03206,0.1696
F03209,0.1757
F03210,0.1827
F03211,0.1827
F03212,0.1814
F03213,0.1832
F03214,0.1827
F03215,0.2033
F03216,0.1832
F03217,0.1814
F03218,0.1826
F03219,0.1792
F03220,0.1792
F03221,0.1849
F03222,0.1934
F03223,0.1858
F03224,0.2033
F03225,0.1858
F03226,0.1858
F03227,0.1757
F03228,0.1832
F03230,0.1776
F03231,0.1769
F03232,0.1729
F03233,0.177
F03234,0.1729
F03235,0.1578
F03236,0.1522
F03237,0.1581
F03238,0.1604
F03239,0.1614
F03240,0.1604
F03241,0.1576
F03242,0.1522
F03243,0.1729
F03244,0.1522
F03245,0.179
F03246,0.1781
F03247,0.1522
F03248,0.1729
F03249,0.1729
F03250,0.1819
F03251,0.1819
F03252,0.1816
F03253,0.1756
F03254,0.1819
F03255,0.1819
F03256,0.1819
F03257,0.1823
F03258,0.1858
F03259,0.1832
F03260,0.1648
F03261,0.1648
F03262,0.1832
F03263,0.1789
F03264,0.1773
F03265,0.1934
F03266,0.1819
F03267,0.1819
F03268,0.1819
F03269,0.1819
F03270,0.1819
F03271,
F03272,0.1435
F03273,
F03274,0.1576
F03275,0.1435
F03276,0.1822
F03277,0.1402
F03278,
F03279,0.078
F03280,0.1772
F03282,0.1772
F03283,0.1772
F03286,0.1882
F03287,0.1885
F03290,0.1882
F03291,0.1885
F03292,0.2013
F03295,0.1862
F03296,0.1832
F03297,0.1832
F03298,0.2163
F03299,0.2013
F03300,0.1862
F03301,0.1913
F03302,0.1913
F03303,0.2045
F03304,0.2014
F03305,0.1913
F03306,0.1744
F03308,0.1746
F03309,0.1775
F03311,0.1581
F03313,0.1576
F03314,0.1576
F03315,0.1614
F03316,0.1786
F03317,0.1821
F03318,0.1843
F03319,0.1788
F03320,0.153
F03321,0.1834
F03322,0.1744
F03323,0.1744
F03324,0.1824
F03325,0.1614
F03326,0.1614
F03327,0.1614
F03328,0.1885
F03329,0.1422
F03330,
F03331,0.1422
F03332,0.1919
F03333,0.1919
F03334,0.1913
F03335,0.1885
F03336,0.1885
F03337,0.1885
F03338,0.1885
F03339,0.1769
F03340,0.1729
F03341,0.179
F03343,0.1822
F03344,0.1604
F03345,0.1576
F03346,0.1934
F03347,0.1814
F03348,0.1826
F03349,0.1648
F03350,0.1792
F03351,0.1763
F03352,0.1769
F03353,0.1823
F03354,0.179
F03355,0.1837
F03356,0.1522
F03357,0.1826
F03358,0.1832
F03359,0.1819
F03360,0.1789
F03361,
F03362,0.197
F03363,0.1819
F03364,
F03365,
F03366,0.1772
F03367,0.179
F03368,0.1435
F03369,0.197
F03370,
F03371,0.078
F03372,0.1772
F03373,0.2013
F03374,0.1832
F03375,0.1832
F03376,0.2163
F03377,0.1826
F03378,0.1868
F03379,0.1744
F03380,0.1913
F03382,0.1581
F03383,0.1614
F03384,0.1614
F03385,0.1614
F03386,0.1614
F03387,0.1885
F03388,0.1576
F03389,0.1704
F03390,0.1826
F03391,0.2045
F03392,0.1576
F03393,0.1746
F03394,0.1744
F03395,0.1913
F03396,0.1824
F03397,0.1744
F03398,0.1913
F03399,0.1885
F03400,0.1788
F03401,0.1885
F03402,0.1813
F03403,0.1885
F03404,0.1885
F03405,0.1422
F03406,0.1919
F03407,0.1769
F03408,0.1703
F03427,0.1766
F03428,
F03429,
F03430,0.152
F03431,
F03432,0.152
F03433,0.1845
F03434,0.0986
F03435,0.1845
F03436,0.0986
F03437,0.1698
F03438,0.1781
F03439,0.1852
F03440,0.1845
F03441,0.1822
F03442,0.1822
F03443,0.1837
F03444,
F03445,0.1845
F03446,0.1627
F03447,0.1972
F03448,0.1822
F03449,0.1885
F03450,0.1897
F03451,0.1882
F03452,0.1897
F03453,0.1882
F03454,0.1916
F03455,0.19
F03456,0.1367
F03457,0.1554
F03458,0.1707
F03459,0.1553
F03460,0.1822
F03461,0.1822
F03462,0.1822
F03463,0.1866
F03464,0.1901
F03465,0.1866
F03466,0.1872
F03468,0.1866
F03469,0.1879
F03471,0.1882
F03472,0.1901
F03473,0.153
F03474,0.1445
F03475,0.1777
F03476,0.1743
F03477,0.1792
F03478,0.1801
F03479,0.1777
F03480,0.1798
F03481,0.1777
F03482,0.1818
F03483,0.1849
F03484,0.1802
F03485,0.1845
F03486,0.1766
F03487,0.1801
F03488,0.1813
F03489,0.1814
F03490,0.1814
F03491,0.1805
F03492,0.1777
F03493,0.1786
F03494,0.1801
F03495,0.1781
F03496,0.1801
F03498,0.1786
F03499,0.1781
F03500,0.1781
F03501,0.1781
F03502,0.1781
F03503,0.1781
F03504,0.1781
F03505,0.1781
F03506,0.1781
F03507,0.1781
F03508,0.1781
F03509,0.1781
F03510,0.1787
F03511,0.1781
F03512,0.1698
F03513,0.1781
F03514,0.1445
F03515,0.1787
F03516,0.154
F03517,0.153
F03518,0.153
F03519,0.152
F03520,0.152
F03521,0.152
F03522,0.152
F03523,0.152
F03524,0.1579
F03525,0.1591
F03526,0.1579
F03528,0.1579
F03529,0.1579
F03530,0.1579
F03531,0.1579
F03532,0.1582
F03533,0.1579
F03534,0.1579
F03535,0.1579
F03536,0.1579
F03537,0.1579
F03538,0.1634
F03541,0.1944
F03542,0.1549
F03543,0.1445
F03544,0.1607
F03545,0.1445
F03546,0.1607
F03547,0.1607
F03549,0.1445
F03550,0.1627
F03551,0.1291
F03552,0.1291
F03553,0.1698
F03554,0.1634
F03556,
F03557,
F03558,
F03559,
F03561,0.152
F03562,0.152
F03563,0.152
F03564,
F03565,0.152
F03566,0.1781
F03567,0.1801
F03568,0.1781
F03569,0.1781
F03570,0.1781
F03571,0.1781
F03572,0.1627
F03573,0.1832
F03574,0.1781
F03575,0.1781
F03576,0.1822
F03577,0.1828
F03578,0.1822
F03579,0.1836
F03580,0.1873
F03581,0.1823
F03582,0.1822
F03583,0.1822
F03585,0.1781
F03586,0.1781
F03587,0.154
F03588,0.153
F03589,0.152
F03590,0.1579
F03591,0.1579
F03592,0.152
F03593,0.1666
F03594,0.1944
F03595,0.1634
F03596,0.152
F03597,0.1579
F03598,0.182
F03599,0.1822
F03600,0.1333
F03601,0.152
F03602,0.1781
F03603,0.1801
F03604,0.1627
F03605,0.153
F03610,0.153
F03620,0.1532
F03621,0.155
F03623,0.1532
F03624,0.1546
F03625,0.1716
F03626,0.1532
F03631,0.181
F03632,0.1876
F03633,0.1868
F03634,0.1546
F03635,0.1868
F03636,
F03637,0.1868
F03638,0.1113
F03639,0.1113
F03640,0.1692
F03641,
F03642,0.1852
F03643,
F03644,0.1043
F03645,0.1551
F03646,
F03647,0.1551
F03648,0.1043
F03649,0.1736
F03650,0.1802
F03651,0.1736
F03652,0.1736
F03653,0.1551
F03654,0.1736
F03655,0.1551
F03656,0.1043
F03657,0.1043
F03658,0.1758
F03659,0.1836
F03661,0.1736
F03662,0.1551
F03663,0.1802
F03664,0.1736
F03665,0.1802
F03672,0.1802
F03674,0.1895
F03675,0.1813
F03676,0.1836
F03677,0.1802
F03679,0.1895
F03680,0.1504
F03681,0.1744
F03682,0.1728
F03683,0.1868
F03684,0.1824
F03685,0.1868
F03686,0.1815
F03687,0.1551
F03688,
F03689,0.1631
F03690,0.1631
F03691,0.1366
F03692,0.1113
F03693,0.1766
F03694,0.1766
F03695,0.1333
F03696,0.2031
F03697,0.1678
F03698,0.2337
F03699,0.1678
F03700,0.168
F03701,0.1938
F03702,0.1766
F03703,0.1681
F03704,0.1681
F03705,0.1868
F03706,0.1914
F03707,0.1631
F03708,0.1631
F03709,0.1631
F03710,0.1415
F03711,0.168
F03713,0.1681
F03714,0.1606
F03715,0.1629
F03718,0.1415
F03719,0.1631
F03720,0.1868
F03721,0.1868
F03722,0.1469
F03723,0.1477
F03724,
F03725,0.1551
F03726,0.1313
F03727,0.1313
F03728,0.1313
F03729,0.1313
F03730,0.1313
F03731,0.1313
F03732,0.1313
F03733,0.1313
F03734,0.1313
F03735,0.1313
F03737,0.1394
F03739,0.1394
F03741,0.1313
F03742,0.1806
F03743,0.1806
F03744,0.1806
F03745,
F03746,
F03747,
F03748,0.1806
F03749,0.1806
F03750,0.1668
F03751,
F03752,0.1313
F03753,0.1568
F03754,0.1568
F03755,0.1415
F03756,0.1313
F03757,0.1394
F03758,
F03759,0.1568
F03760,0.1568
F03761,0.1545
F03762,0.1478
F03763,0.1728
F03764,0.1558
F03765,0.1548
F03766,0.1532
F03767,0.1702
F03768,0.1631
F03769,0.1695
F03770,0.1631
F03771,0.1415
F03772,0.1631
F03774,0.1938
F03778,0.1043
F03779,0.1043
F03780,0.2043
F03781,0.2043
F03782,0.2043
F03783,0.2043
F03786,0.1532
F03787,0.1677
F03790,0.1626
F03791,0.1626
F03793,0.1072
F03794,0.1072
F03795,0.1072
F03796,0.1072
F03797,0.1072
F03798,0.1551
F03799,0.1537
F03800,0.1551
F03801,0.1113
F03802,0.1072
F03803,0.1072
F03804,0.1072
F03805,0.1366
F03806,0.1631
F03807,0.2043
F03808,0.2043
F03809,
F03810,0.1626
F03814,0.1502
F03816,0.1692
F03817,
F03818,0.1836
F03819,0.1744
F03820,0.1836
F03821,0.1802
F03822,0.1631
F03823,0.1631
F03824,0.1631
F03825,0.1606
F03826,0.1502
F03827,0.1806
F03828,0.1938
F03829,0.1914
F03830,0.1681
F03831,0.1938
F03832,0.1806
F03833,0.1415
F03834,0.1394
F03835,0.1501
F03836,0.1394
F03837,0.1313
F03838,0.1313
F03839,
F03840,0.1568
F03841,
F03842,0.1806
F03843,0.1502
F03845,0.1502
F03846,0.1537
F03847,0.1626
F03848,0.1551
F03849,0.1626
F03850,0.1692
F03851,
F03852,0.1072
F03853,0.1626
F03854,0.1072
F03855,0.1626
F03856,0.1366
F03857,0.1692
F03858,0.1852
F03859,0.1736
F03860,0.1551
F03861,0.1551
F03862,0.1551
F03863,0.1692
F03864,0.1692
F03865,0.1692
F03866,0.1692
F03867,0.1072
F03868,0.1677
F03869,0.2043
F03870,0.2031
F03871,0.1744
F03872,0.1504
F03873,0.1723
F03874,0.1836
F03875,0.1043
F03876,0.1744
F03877,0.1692
F03878,0.1692
F03879,0.1532
F03880,0.1939
F03881,0.1766
F03882,0.1766
F03883,0.1072
F03885,0.1072
F03887,0.1072
F03888,0.1504
F03889,0.1504
F03890,0.147
F03891,0.1478
F03892,0.1546
F03893,0.1532
F03894,0.1478
F03895,0.2511
F03896,0.1829
F03897,0.2511
F03898,0.17
F03899,0.1664
F03900,0.1672
F03903,0.1313
F03904,0.1313
F03905,0.1313
F03906,0.1339
F03907,0.1504
F03908,0.1829
F03909,0.1504
F03911,0.1504
F03912,0.1829
F03913,0.2408
F03914,0.1504
F03915,0.1829
F03916,0.2511
F03917,0.2511
F03918,0.2511
F03919,0.152
F03920,0.1614
F03921,0.1738
F03922,0.1682
F03923,0.1738
F03924,0.1673
F03925,0.169
F03926,0.1664
F03927,0.1673
F03931,0.1488
F03932,0.1673
F03940,0.1653
F03941,0.1632
F03942,0.1425
F03943,
F03944,0.1806
F03945,0.1694
F03946,0.1664
F03947,0.1313
F03950,0.1425
F03951,0.1313
F03952,0.1339
F03953,0.1313
F03954,0.1488
F03955,0.1694
F03956,0.1692
F03957,0.1511
F03958,0.1667
F03959,
F03960,
F03961,0.1664
F03963,0.1614
F03964,0.1126
F03965,0.1681
F03966,0.1692
F03967,0.1614
F03968,0.1738
F03969,0.1738
F03970,0.1614
F03971,0.17
F03972,0.1692
F03973,0.1681
F03974,0.1692
F03975,0.17
F03976,0.1641
F03977,0.1442
F03978,0.177
F03979,0.1657
F03980,0.1442
F03981,0.1692
F03982,0.1692
F03983,0.1692
F03984,0.1692
F03985,0.1442
F03986,0.177
F03989,0.1692
F03990,0.1692
F03991,0.1692
F03992,0.1463
F03993,0.1692
F03995,0.153
F03996,0.177
F03997,0.1421
F03998,0.1478
F03999,0.1424
F04000,0.177
F04002,0.1692
F04003,0.1442
F04004,0.1442
F04005,
F04006,0.1806
F04015,0.1703
F04017,0.1696
F04018,0.1703
F04019,0.1703
F04020,0.1511
F04021,0.1664
F04022,0.1442
F04024,0.1692
F04025,0.1692
F04026,0.1442
F04027,0.177
F04028,0.1313
F04029,0.1339
F04030,0.1313
F04031,0.1313
F04033,0.177
F04034,0.1692
F04035,0.1692
F04036,0.1692
F04037,0.2511
F04038,0.2511
F04039,0.1442
F04041,0.1465
F04042,0.1441
F04043,0.17
F04044,0.1192
F04045,
F04046,
F04048,
F04049,
F04050,0.241
F04051,0.2125
F04054,0.2135
F04055,0.1465
F04056,0.208
F04057,0.1603
F04058,0.2037
F04059,0.16
F04060,0.1897
F04061,0.1192
F04062,
F04063,0.1192
F04064,
F04065,0.2041
F04066,0.1982
F04067,0.1982
F04068,
F04069,0.1117
F04070,
F04071,0.183
F04072,0.183
F04073,0.183
F04074,
F04075,
F04077,0.1831
F04078,0.1937
F04079,0.2031
F04080,0.1897
F04081,0.1897
F04083,0.1862
F04085,0.1913
F04086,0.183
F04087,
F04088,
F04089,
F04090,0.1505
F04092,
F04094,
F04095,
F04096,
F04097,0.1505
F04098,0.1192
F04099,0.148
F04100,0.1692
F04101,0.2525
F04102,0.2041
F04103,0.1778
F04104,0.1628
F04105,
F04106,0.148
F04107,0.1192
F04108,0.1966
F04109,0.2008
F04110,0.2041
F04111,0.1192
F04112,0.1192
F04113,0.148
F04114,0.1192
F04115,0.1643
F04116,0.179
F04117,0.1192
F04118,0.208
F04119,0.1583
F04120,0.234
F04121,0.204
F04122,0.1883
F04123,0.162
F04124,0.1882
F04125,0.2064
F04126,0.2031
F04127,0.1569
F04128,0.1881
F04129,0.1887
F04130,0.1722
F04131,0.1887
F04132,0.1881
F04133,0.2008
F04134,0.2041
F04135,0.2008
F04136,0.2008
F04137,0.2276
F04138,0.2041
F04139,0.1966
F04140,0.2408
F04141,0.2408
F04142,0.2311
F04143,0.2379
F04144,0.1539
F04145,0.1762
F04146,0.2427
F04147,0.1867
F04148,0.1477
F04149,0.1583
F04152,0.1887
F04153,0.1881
F04154,
F04155,0.2005
F04156,0.1465
F04157,0.1344
F04158,0.16
F04159,0.1897
F04160,0.1897
F04161,0.1831
F04162,0.1603
F04163,0.1897
F04164,0.1897
F04165,0.1866
F04166,0.175
F04167,
F04168,
F04169,
F04170,0.17
F04171,0.1641
F04172,0.1718
F04173,0.2276
F04174,0.2485
F04177,0.1379
F04178,0.2801
F04179,0.2844
F04181,0.2093
F04182,0.1396
F04185,0.1349
F04186,0.1396
F04187,0.2844
F04188,0.1396
F04189,0.2844
F04191,0.1595
F04192,0.1518
F04193,0.1446
F04194,0.142
F04195,0.1394
F04196,0.1394
F04197,0.1362
F04198,0.1365
F04199,0.1458
F04200,0.1439
F04201,0.1135
F04202,0.1722
F04203,0.1587
F04204,0.1587
F04205,0.1439
F04206,0.1125
F04207,0.0686
F04208,0.0686
F04209,0.1587
F04210,0.1228
F04211,0.0661
F04212,0.1125
F04213,0.2878
F04214,0.2844
F04215,0.2177
F04216,0.2844
F04217,0.151
F04218,0.1725
F04219,0.2093
F04220,0.2177
F04221,0.2093
F04222,0.2093
F04223,0.2093
F04224,0.2093
F04226,0.2093
F04227,0.2093
F04228,0.2093
F04229,0.2093
F04230,0.2093
F04231,0.2093
F04232,0.1135
F04233,0.0661
F04234,
F04235,0.0661
F04236,0.1135
F04237,0.1135
F04238,0.0686
F04239,0.1587
F04240,0.1325
F04241,0.0686
F04242,0.0661
F04243,0.0686
F04244,
F04245,0.0686
F04247,
F04248,0.0686
F04249,0.1173
F04250,0.0686
F04251,0.1173
F04252,0.0686
F04253,0.0686
F04254,0.0661
F04255,0.0686
F04256,0.0686
F04257,0.2093
F04258,0.2093
F04259,0.0686
F04260,0.0661
F04261,0.2093
F04262,0.2093
F04263,0.2093
F04264,0.2093
F04267,0.1349
F04268,0.1381
F04269,
F04273,0.1722
F04274,0.1668
F04278,0.1595
F04279,0.1378
F04280,0.0661
F04281,
F04283,0.1722
F04284,0.1668
F04285,
F04286,0.1668
F04287,
F04288,0.1668
F04289,
F04290,
F04291,0.1439
F04292,0.1439
F04293,0.1439
F04294,0.1722
F04295,0.1418
F04296,0.1396
F04297,0.1697
F04298,0.1702
F04299,0.1297
F04300,0.1362
F04301,0.1344
F04302,0.1297
F04306,0.1569
F04307,0.133
F04311,0.1358
F04312,0.1297
F04314,0.1371
F04315,0.1486
F04316,0.13
F04317,0.1484
F04318,0.1379
F04320,0.1379
F04321,0.1404
F04323,0.1371
F04324,0.1371
F04325,0.1371
F04327,0.1371
F04328,0.1371
F04329,0.1385
F04330,0.1391
F04332,0.1391
F04333,0.1371
F04334,0.0661
F04335,0.1125
F04336,0.1407
F04337,0.1504
F04338,0.1447
F04339,0.0686
F04340,0.1587
F04341,0.2177
F04342,0.2093
F04343,
F04344,0.0661
F04345,
F04346,
F04347,
F04348,0.0686
F04349,0.1722
F04350,0.1722
F04351,
F04352,
F04353,
F04354,
F04355,0.1362
F04356,0.1297
F04357,
F04358,0.1972
F04359,0.1972
F04360,0.1135
F04361,0.1446
F04362,0.2844
F04363,0.2093
F04364,0.1447
F04366,0.1722
F04367,0.1446
F04370,0.2156
F04371,0.2134
F04373,0.1922
F04374,0.1927
F04375,0.2751
F04376,0.2204
F04377,0.2365
F04378,0.2751
F04379,0.2751
F04380,0.2751
F04381,0.1997
F04382,0.1997
F04383,0.1997
F04384,0.1997
F04389,0.1562
F04390,0.0679
F04391,
F04392,
F04393,
F04394,0.2019
F04395,0.2019
F04396,0.1997
F04397,0.1997
F04398,0.1997
F04400,0.1997
F04402,0.1997
F04403,0.1984
F04405,0.1997
F04406,0.1997
F04407,0.2006
F04408,0.1993
F04409,0.1997
F04410,0.2006
F04411,0.1995
F04412,0.18
F04413,0.2006
F04414,0.2012
F04415,0.1547
F04416,0.1547
F04417,0.1995
F04418,0.1931
F04419,0.0816
F04420,0.1931
F04421,0.1931
F04422,0.0816
F04423,0.1851
F04424,0.1851
F04425,0.1851
F04426,0.1851
F04427,0.1851
F04428,0.1851
F04429,0.2015
F04430,0.1851
F04431,0.1824
F04432,0.1759
F04433,0.1759
F04434,0.1993
F04435,0.2006
F04436,0.175
F04437,0.2019
F04438,0.1851
F04439,0.2019
F04440,0.1768
F04441,0.1851
F04442,0.1768
F04443,0.1761
F04444,0.1851
F04445,0.1761
F04446,0.1761
F04447,0.1761
F04448,0.175
F04449,0.175
F04450,0.1761
F04451,0.1761
F04452,0.175
F04453,0.1844
F04454,0.1797
F04455,0.1759
F04456,0.1844
F04457,0.185
F04458,0.1844
F04459,0.1678
F04460,0.1844
F04461,0.1678
F04462,0.1844
F04463,0.1678
F04464,0.1846
F04466,0.1844
F04467,0.1956
F04468,0.1791
F04469,0.1829
F04470,0.1562
F04471,0.1818
F04472,0.1818
F04473,0.1562
F04474,0.1818
F04475,0.1562
F04476,0.1562
F04477,0.1763
F04478,0.1791
F04479,0.1791
F04480,0.0185
F04481,0.1824
F04482,
F04483,0.1824
F04484,0.0766
F04485,0.1806
F04486,0.1763
F04487,0.1806
F04488,0.1763
F04489,0.1763
F04490,0.1545
F04491,0.1824
F04492,0.1545
F04493,0.1824
F04494,0.1956
F04495,0.0185
F04496,0.0185
F04497,0.0185
F04498,0.1824
F04499,0.1545
F04501,0.0185
F04502,0.0185
F04503,0.0185
F04504,0.0185
F04505,0.0185
F04506,0.0185
F04509,0.0185
F04510,0.1791
F04511,0.1832
F04512,0.1791
F04513,0.1562
F04514,0.1562
F04515,0.1824
F04516,0.0766
F04517,0.175
F04521,0.1791
F04523,0.2067
F04524,0.183
F04525,0.1982
F04526,0.2093
F04528,0.2109
F04529,0.2085
F04530,0.2135
F04531,0.2125
F04532,0.2135
F04533,0.2049
F04536,0.2156
F04537,0.2078
F04538,0.2135
F04539,0.2135
F04542,0.2135
F04543,0.2049
F04544,0.1893
F04545,0.2135
F04550,0.2156
F04551,0.2108
F04552,0.2067
F04553,0.2158
F04554,0.1851
F04555,0.2449
F04556,0.1836
F04557,0.2449
F04558,0.1905
F04559,0.1851
F04560,0.1905
F04561,0.1851
F04562,0.1905
F04563,0.1836
F04564,0.1862
F04565,0.1937
F04566,0.1905
F04567,0.1905
F04568,0.2135
F04569,0.2049
F04570,0.2067
F04571,0.2156
F04572,0.2031
F04573,0.1862
F04574,0.183
F04575,0.1982
F04576,0.1982
F04577,0.1982
